user,is_red_team,isolation_forest,oneclass_svm,autoencoder
LRR0148,0,0.48870383243275173,-1.2030663975950073,0.09617763254868829
NOB0181,0,0.46455183974118686,-3.319784884122811,0.01892313381778101
IKP0472,0,0.4464762981172725,-3.4778898277012793,0.004486242136616121
IRM0931,0,0.5082885439876577,-1.6984311400211354,0.006958052513800091
WPR0368,0,0.503924545239484,-0.33444186005657706,0.020543262609439648
AJR0319,0,0.44514100965170306,-0.7064853864804128,0.03524477134400342
JCR0172,0,0.471200411646017,-1.8042310901078,0.039825334944936584
HVB0037,0,0.4126560228108698,-0.01437403595297937,0.001194158397890589
ABC0174,0,0.48153543474769506,-1.2100141203856278,0.0765505132649351
NWK0215,0,0.4628532823859779,-0.545599448247243,0.026776253784662227
ESJ0670,0,0.6139506558602619,-0.20266575932729047,0.3282579588485419
FOB0756,0,0.47884703995520655,-2.822273757637662,0.004570623196013382
SSJ0784,0,0.4616345461070643,-1.1763540537189208,0.003548785729481123
JKJ0698,0,0.4065344452565352,-0.8007492619743157,0.0003727408630376643
CJM0521,0,0.37526898192388725,-2.6412541472573974,0.0026115312330704204
HAD0246,0,0.47156006556364316,-2.5017748944610716,0.005546855125894042
BQS0525,0,0.6091139215553826,0.6014636411359611,0.3722066574335816
BRS0734,0,0.6210846960024651,0.9448121326395782,0.4212354429839465
NGF0157,0,0.49196199405746305,-1.2946943819840833,0.08773380633807236
BDI0533,0,0.5145151847018724,-2.5559870968792193,0.030744371322837194
HLH0512,0,0.3777016817810366,-2.6620147806068477,0.002883066374465876
BRB0355,0,0.5254234433275047,-2.068782791921352,0.015553240493930271
HPH0075,0,0.6585730582772452,-0.6782202589952746,0.009728706575721216
RZC0746,0,0.4282242342589246,-2.027299939279251,0.003329194291759007
IIW0249,0,0.6042983974829671,2.1505149800625034,0.517979281596576
MOH0273,0,0.6637845964148839,1.3352275559079256,0.03274403762391053
NAH0503,0,0.38535377394865983,-2.6522167430611194,0.013387587129098046
AHC0142,0,0.4241718455776924,-1.684582593921272,0.027982945203961853
FKK0055,0,0.47838107322505957,-3.3623844714267364,0.017365031748541968
ATE0869,0,0.4517939542741051,-3.136403671956433,0.022357352077165923
RRC0553,0,0.6077901609360847,-0.3179064813052648,0.06129127439838899
JKF0465,0,0.37228104812432644,-1.5032208500798507,4.2404804923112866e-05
SMH0291,0,0.46705406323728677,-1.4103207026795772,0.02674399002465175
HSB0196,0,0.6540543390912488,0.5298168541929087,0.018774761969075505
DAR0885,0,0.4449719695265229,-2.1626548029643224,0.013428093085982163
MHH0180,0,0.41612762434700756,-2.204459043361471,0.05436405426630771
ALB0892,0,0.3931429945161386,-2.417560593737633,0.0027056360768529515
LAP0338,0,0.41489355326210675,-2.2268915856274027,0.04712294074676544
CTR0341,0,0.41664505808512126,-1.6290529262069864,0.022493234127813413
YIC0195,0,0.4502853441884413,-1.9793214042186982,0.009927838943592905
JHP0583,0,0.48341885101939314,-2.9298126953455323,0.009726398865406105
IAR0694,0,0.4865125558770636,-0.7715269888473539,0.0581096867453229
AMW0392,0,0.4097108262565122,-2.564062602971493,0.012690184795286575
AOK0844,0,0.49160094308298163,-3.065081055293449,0.04934723759403523
JDC0030,0,0.5033685732669632,-3.098326440912956,0.060881188051955595
RAW0915,0,0.48025093275650116,-3.16533097919681,0.014036539768533822
HDD0806,0,0.4595110848652802,-1.7878487323546075,0.036142024834844605
BSS0369,0,0.6813985748728082,6.279294427440773,0.19639465730999894
LBF0214,0,0.5130442440850475,-0.8230017700707926,0.028699287668455368
NAF0326,0,0.5099726063768352,-1.075290543253013,0.03222660955565161
DLM0051,0,0.6785996721331169,1.9739700018423285,0.11678604151677087
MLM0950,0,0.5116366535375593,-1.4995121464903427,0.03471868614488476
LBH0942,0,0.6666219289916142,0.5856558743027147,0.051890825134051695
CMB0912,0,0.4402046745596864,-0.8229576838204764,0.038745386203409955
SBN0971,0,0.5290309973534572,-0.9869512724005958,0.0068817960370694325
IIL0513,0,0.3764125171948359,-2.6444954397855813,0.0026905346946074857
EHB0420,0,0.4559793356468687,-1.7643982261230011,0.0006300943942836398
MAD0496,0,0.358490407021753,-2.2937980784987673,0.00040122902017102616
OBH0499,0,0.6145747815949941,0.8769717066348015,0.2490295209186374
QOS0878,0,0.4755363574843109,-2.588592320866388,0.025874447736986304
TDS0984,0,0.6048541273511182,0.00018142634105089428,0.05345308814187406
LDD0560,0,0.38733340187605886,-2.6669112873527556,0.04329999763386277
DRR0242,0,0.37161465055781023,-1.4904709920927566,4.7885723849188284e-05
WIQ0567,0,0.5073704910161151,-2.399107663002596,0.08430576377846442
RAM0447,0,0.41229648193513174,-2.39773628465289,0.008207991892081407
NMS0280,0,0.5023639340686187,-3.0337121073215165,0.017777879165172643
BVC0790,0,0.5336484389378677,-1.7639546044343248,0.028140251511835433
MCF0600,0,0.6522915379438105,-0.5872953424203793,0.019284414129111322
MDH0686,0,0.46671624903086917,-1.5966178103106703,0.03414377563054974
NGC0058,0,0.48895139729865905,-3.1387573008461835,0.017459896888033052
MCD0125,0,0.5460360439773545,-1.8980836586618661,0.11638799477744452
PTH0830,0,0.41246396016403963,-1.5182334443721626,0.0001462250298056231
JAJ0849,0,0.44863668403727147,-2.0017958868445955,0.011514503886525697
JGT0221,0,0.5587049436649837,-0.6622890575387412,0.02835284038702668
MVH0373,0,0.4930036675635346,-0.5272816535718707,0.012300550556731238
JTM0223,0,0.5874148691937853,0.3632144821822507,0.04970723322666801
MOS0047,0,0.6508728027854336,1.405655325304581,0.03897026119979307
TSM0363,0,0.4939052009406106,-0.27986139915100594,0.029885454689102187
QNP0216,0,0.4928433172004023,-0.33842132211771947,0.023711304138771074
UIR0043,0,0.4942479041232373,-0.2811668141932486,0.0265593618686648
JRS0362,0,0.4952387766237937,-0.2740872366723526,0.031815865250346305
CBB0365,0,0.5384360879481489,0.5979477390907864,0.04334028230487641
JAV0361,0,0.4937558251919053,-0.34334313290439766,0.02390428015984406
LBC0356,0,0.5349115596150608,0.5321553770131064,0.04284377221479858
KRV0372,0,0.4996637200998796,-0.2048407783040993,0.032937601542626614
KCF0045,0,0.510885799157243,-0.24388156264585348,0.014280055893127029
CSC0217,0,0.5437416671669865,-0.609611126782168,0.03154793204478663
EIS0041,0,0.6316983892389916,0.7647471268509065,0.04028865482939921
ACC0042,0,0.4993334925074723,-0.41232100950204575,0.017230332144595187
MPM0220,0,0.7369046595567892,8.674539190672668,0.01621182327302773
SAK0375,0,0.549612395972346,0.38398771121029185,0.0688116272144459
GTD0219,0,0.6223768697658134,0.00013176113172619353,0.02101724080008978
KSP0357,0,0.4921282774213948,-0.2917261730391676,0.029999142421092015
MSH0040,0,0.5145980213340265,-0.22418101944291458,0.015417331403606599
BAL0044,0,0.6237808786269409,0.4775423684570139,0.03167009831760845
JLM0364,0,0.546910612498831,-0.8407071892870643,0.0266634134912859
DFR0218,0,0.49431856034935995,-0.30498925401676935,0.03189145771337821
DMG0358,0,0.5386361210946554,0.5380427562551766,0.04652622475848808
CCA0046,0,0.5943195078802868,-0.4975017686369583,0.016569170129404006
HWY0038,0,0.5081726035508816,-0.03315909641998083,0.04462338266143278
AJF0370,0,0.7365642203464158,8.246156035484983,0.03769839120005611
MSO0222,0,0.5409814594253095,-0.7304998601640769,0.03014944176776752
JCC0225,0,0.4984672181795522,-0.3706245532463157,0.02053841937571729
GKO0078,0,0.45786310054004387,-2.8375627260890592,0.01610318954077013
SRH0155,0,0.43248002982302663,-1.0586687774235202,0.03740884182092943
TVS0050,0,0.5055559802301428,0.7999482314595241,0.05441034350839624
CFG0959,0,0.3970445667309935,-1.8116452005222765,0.02246368821890492
CWB0065,0,0.47943802874190555,0.04372889411230929,0.04995758871357502
NKH0979,0,0.47943802874190566,-0.0005348781211544917,0.0475240229810235
MNC0717,0,0.42855993080885463,-1.3323236986219413,0.013657957362275092
RSM0277,0,0.45146420658353936,-2.6106178398736617,0.03367109053548337
JAD0609,0,0.38903597888863956,-2.5171268832683165,0.018764403158477546
ETR0428,0,0.3851583895123789,-2.4486292814879143,0.007116935349093895
DIW0118,0,0.47595387405305234,-1.8470555695826114,0.0368288223243209
IJM0444,0,0.505719104650575,-2.3619315117801083,0.007828830595425919
MPT0376,0,0.46870633116206234,-2.525030837484726,0.007283539754577537
KPR0497,0,0.44743913558730997,-1.9370451068124037,0.0012808761773253049
QJR0688,0,0.5230263179693723,-2.4412296131292326,0.0435058258087327
ILJ0526,0,0.5171705967746026,-2.2171049332585806,0.05689133347946421
DIB0081,0,0.5540414427395033,-2.322178334437659,0.024165577310421772
JCG0316,0,0.5181201384795447,-1.19418153915076,0.02127650471331772
JJH0613,0,0.511719009349108,-2.389249250877901,0.013454838011161515
CSP0197,0,0.44107345876014065,-2.0593455729927914,0.005188504420601993
JMK0099,0,0.48203466241236087,-2.7864432522748785,0.009211947631489222
DPM0423,0,0.5126527701473796,-2.427422863676803,0.015420271258263176
UFK0208,0,0.4551586317025341,-0.5858034937426932,0.028637599528456383
SJO0209,0,0.48974331823866746,-1.5969059024477499,0.020381116420742626
RAB0589,0,0.48723837645935303,-2.944853909106378,0.007438137092000246
RHO0732,0,0.48800943897078414,-2.041500575373348,0.007250223699402217
HWW0436,0,0.47550264634960676,-2.817130960352774,0.0011114511169918512
SVS0871,0,0.4298663010573535,-1.9885218234163382,0.0029749691240156593
DVM0265,0,0.45939537806577796,-0.00014537839350659,0.045554244812779546
JMC0925,0,0.4482483398846186,-1.966603738733589,0.005000800688676891
CPG0322,0,0.49445353335736275,-1.2560520095106629,0.2986025775492661
BBS0039,0,0.5475987852165974,-0.6061717157680846,0.030702484477597436
PMJ0564,0,0.47350993486752874,-1.1671436388606047,0.02807860833784225
AJN0607,0,0.4998463154576269,-2.119712606837515,0.0201408227692749
BWP0202,0,0.5028731651893323,-1.7196566616170212,0.006575360750191023
MJM0510,0,0.48152357249182787,-1.1478281762055378,0.02635677032448598
PBP0002,0,0.4250241914030783,-0.7695007097956097,0.03983020914860114
MSS0001,0,0.4443062799514903,-0.964881105569674,0.017947695520827225
BSB0990,0,0.41282993495833403,-0.00025842925273344974,0.0013280034880071353
KRL0062,0,0.41282993495833403,-0.00025842925273344974,0.0013280034880071353
RGG0064,0,0.5693530818729383,0.09970700430991819,0.034139979731121047
TEM0093,0,0.41282993495833403,-0.00025842925273344974,0.0013280034880071353
AMD0077,0,0.41282993495833403,-0.00025842925273344974,0.0013280034880071353
USH0199,0,0.5128384300049821,-0.39418829832354696,0.0011826128253173201
FAW0032,0,0.4218594119085541,-0.6119460206140239,0.002526657335234953
HCM0267,0,0.6532418447700341,1.7665969827849661,0.02783652606539412
SGM0021,0,0.5448422547439615,-0.9881523648963224,0.04987003939454589
KTG0091,0,0.41282993495833403,-0.00025842925273344974,0.0013280034880071353
CJK0200,0,0.41282993495833403,-0.00025842925273344974,0.0013280034880071353
RSC0089,0,0.6202336681969272,1.0740710098082893,0.1470152438678826
YDN0198,0,0.463226273134358,-0.340436224626254,0.052989464965808246
IAT0263,0,0.41282993495833403,-0.00025842925273344974,0.0013280034880071353
MNS0224,0,0.5045613850418031,-0.3194946721364147,0.016000598338512948
CFW0264,0,0.41282993495833403,-0.00025842925273344974,0.0013280034880071353
KNB0022,0,0.41282993495833403,-0.00025842925273344974,0.0013280034880071353
LDB0090,0,0.41282993495833403,-0.00025842925273344974,0.0013280034880071353
SJF0094,0,0.41282993495833403,-0.00025842925273344974,0.0013280034880071353
FRB0023,0,0.41282993495833403,-0.00025842925273344974,0.0013280034880071353
LMF0980,0,0.46066967886462856,-0.44712610935544816,0.049622654527857704
RMS0266,0,0.41282993495833403,-0.00025842925273344974,0.0013280034880071353
BTS0011,0,0.41282993495833403,-0.00025842925273344974,0.0013280034880071353
EWH0191,0,0.4599572025763385,-0.48098500470523575,0.0479751219148858
IIA0092,0,0.41282993495833403,-0.00025842925273344974,0.0013280034880071353
SJC0333,0,0.37404659116360534,-2.4976553122032765,0.0010946263473873823
AKW0167,0,0.4141397808078521,-0.03286409650602806,0.0010277000717953942
MSZ0310,0,0.4152456456187461,-0.03744297469339841,0.0009880853785381985
MBJ0312,0,0.5054165509458426,-0.7481479602476799,0.08750025552741786
KCS0173,0,0.48399450461454374,-1.50322624070661,0.04684612716959936
ARL0034,0,0.41121139587240624,-0.021330395937317448,0.0011303306429714301
HKI0171,0,0.4129146137794764,-0.028345589980531827,0.0010674259576890733
IMG0320,0,0.4152456456187461,-0.03744297469339841,0.0009880853785381985
JRG0207,0,0.6253585966919051,1.1765749635728895,0.019001170614179348
MCS0035,0,0.41121139587240624,-0.021330395937317448,0.0011303306429714301
WBC0315,0,0.4141397808078521,-0.03286409650602806,0.0010277000717953942
RTO0313,0,0.49597462185356783,0.24715440244660414,0.038286970176834495
CEB0210,0,0.41121139587240624,-0.021330395937317448,0.0011303306429714301
EMS0317,0,0.4129833743707961,-0.016682320411096185,0.0011728204066550436
AJH0175,0,0.4957891551642746,-1.1826759794052997,0.24556380741004355
BER0314,0,0.41270404997553173,-0.01900882892952005,0.001151472843726575
IDO0176,0,0.4128741024645599,-0.02595870404654299,0.0010886623279810542
SDO0170,0,0.4519161039182867,-0.6357701442561723,0.04310699563831613
KBP0008,0,0.47499577903727025,-0.11219455182020077,0.065181642607747
JDB0169,0,0.6764131075457378,0.6481536309331339,0.07502621858140766
MAW0166,0,0.41121139587240624,-0.021330395937317448,0.0011303306429714301
NAF0033,0,0.41230918877891676,-0.02378155657959269,0.0011081828632463087
BBG0325,0,0.4709002397210491,-1.5608870675456306,0.05114907826702857
TQS0212,0,0.4335433536852493,0.03369721693338512,0.0027967957835290432
AMV0036,0,0.41121139587240624,-0.021330395937317448,0.0011303306429714301
AMR0318,0,0.4813717605763176,-1.5477746285411431,0.039338263902879096
BDV0168,0,0.6377736110067092,0.19822041157610037,0.06536744688312078
LOF0311,0,0.4128741024645599,-0.02595870404654299,0.0010886623279810542
ASS0206,0,0.41121139587240624,-0.021330395937317448,0.0011303306429714301
COM0321,0,0.4129146137794764,-0.02826544448129198,0.0010681362137458432
MCF0327,0,0.4129146137794764,-0.02826544448129198,0.0010681362137458432
RNP0211,0,0.5422741662540294,-1.115477057859657,0.044312455016141464
TVS0006,0,0.457072406903988,-1.465120882365337,0.00185948673788202
CCW0031,0,0.41270404997553173,-0.01900882892952005,0.001151472843726575
GRC0145,0,0.3933429799235777,-1.8010386828010336,0.03365085938801546
MCJ0324,0,0.4129146137794764,-0.02826544448129198,0.0010681362137458432
LHL0309,0,0.4126560228108698,-0.014350870735976073,0.0011943733317568077
SED0886,0,0.5131784003169366,-0.5583726301498153,0.05283033968121191
FLM0213,0,0.4152456456187461,-0.037548916981817726,0.0009871765218456097
PEV0323,0,0.47516769199197584,-0.16273757935454114,0.03640269588212464
JMB0308,0,0.5746683004521654,0.4341427218502236,0.04279384203164394
KBB0189,0,0.4448498486141887,0.9440289879386707,0.002297505782517459
JPA0667,0,0.3888625901379475,-1.4321887008426142,0.0004848190090225525
LIM0674,0,0.47818912078405895,-2.2730563887491133,0.008167236927912104
SEJ0677,0,0.3887530770839214,-1.5133470748311542,0.0006973995445058745
HTH0007,0,0.47034445749163595,0.00588518311496955,0.22162016743327528
TSR0676,0,0.4598360277059442,-2.357183375940373,0.029470876547519734
DLF0377,0,0.3890629086705641,-1.4371394347997697,0.0006975842904528428
KNG0672,0,0.38753977276582957,-1.456670569366576,0.000565901728514208
MLP0668,0,0.39082592228765095,-1.4151195383391535,0.0009273579319436148
DAL0673,0,0.4517509059781776,-2.6518722936146553,0.019050936371181517
ASL0378,0,0.42414357842481687,-1.6255607423640104,0.00664886802287997
BLS0678,0,0.46981073264281337,-2.680367874906688,0.005944355034302448
DBB0384,0,0.6422299824641585,0.38142553708117255,0.012614719427143421
JAM0382,0,0.3902115279518955,-1.4506294542658758,0.0010783866167008557
ORM0669,0,0.4098418643582242,-1.9930436772799034,0.09514067603892032
SIJ0661,0,0.3909651254617914,-1.47021336108606,0.001008597040120357
BCB0679,0,0.4432712132800754,-1.3218905204295943,0.006461429309279024
AJD0074,0,0.5138751028254327,-0.9608968285615624,0.07430179974691843
CAS0507,0,0.6383772805317044,3.047556767277868,0.26774406890444513
AIH0675,0,0.38706550113633936,-1.4624647285161725,0.0006614079354057204
VTT0385,0,0.6247219301155933,2.1251026226345733,0.39679427897060754
ILH0958,0,0.6232004383888929,1.7612376166877084,0.06168796003004346
CKD0680,0,0.37943744135281315,-1.625289040240883,0.0002771373533918998
EBC0390,0,0.3887530770839214,-1.517882529231505,0.0007234950253928659
RJM0381,0,0.3874414407404765,-1.8526885268988522,0.0020733681159273657
GJT0386,0,0.39066343696479583,-1.4521032910982896,0.0008831509303264622
IBM0671,0,0.5019127114691849,-2.3106824736511022,0.006003307319417709
DLS0383,0,0.42259525758540784,-1.5876406950608466,0.011295540164920223
KRG0158,0,0.44568516825898435,0.9450004160473284,0.002911123523224504
RFP0380,0,0.38721078830409167,-1.4990321212453903,0.0006789185910127025
WTF0387,0,0.3909651254617914,-1.475884754463248,0.0009547885028775865
KDS0349,0,0.389911394066633,-1.4281453180987196,0.0007145381561053124
CAB0388,0,0.42161497669724396,-1.5659171282002955,0.010059050989024916
JTS0389,0,0.49266659016864656,-2.9624434222862117,0.09682072289550948
SOB0360,0,0.49398526246180635,-0.4157568153621902,0.01986966842758646
NCO0666,0,0.41856424262860503,-1.6379321212244093,0.008255665983502398
AIB0948,0,0.6476703040401495,1.6835508987990426,0.17893570246044913
DTP0379,0,0.4351030904659558,-1.4985335243439941,0.006046620495063718
SNS0129,0,0.383200093962692,-0.5242004380333078,0.0005770718379479304
CJP0952,0,0.4331024022181932,-1.1580640438978058,0.03363892049816277
KJP0371,0,0.49624263713899036,-0.20970513305592853,0.03531137963806485
MMG0943,0,0.44870377498507563,-0.3292112184732918,0.07231256425665782
HDS0367,0,0.6364860039824813,0.7967898232749118,0.04920396474565332
HXL0968,0,0.5370614075372359,-0.2128510263187806,0.026043116064055082
MSD0939,0,0.383200093962692,-0.5242004380333078,0.0005770718379479304
HLM0933,0,0.383200093962692,-0.5242004380333078,0.0005770718379479304
ECL0930,0,0.42977687149923716,-1.237781245535956,0.04133829505533587
BAK0964,0,0.383200093962692,-0.5242004380333078,0.0005770718379479304
DRR0162,0,0.5365884257088319,-0.18072410643859094,0.02762822413392643
BNR0965,0,0.43612923194917824,-1.1416040125654856,0.05291695932796136
JGM0934,0,0.4395739979533032,-1.04872304460444,0.05522522599373434
KSP0966,0,0.383200093962692,-0.5242004380333078,0.0005770718379479304
VEB0935,0,0.383200093962692,-0.5242004380333078,0.0005770718379479304
SVL0940,0,0.383200093962692,-0.5242004380333078,0.0005770718379479304
NIH0969,0,0.4403283237598853,-1.0660369828377902,0.05131465236769559
MKL0941,0,0.383200093962692,-0.5242004380333078,0.0005770718379479304
LHB0967,0,0.383200093962692,-0.5242004380333078,0.0005770718379479304
ELH0960,0,0.383200093962692,-0.5242004380333078,0.0005770718379479304
DJB0159,0,0.4366991658081178,-1.1190576729877346,0.040148414737508784
AJR0932,0,0.6409760548002585,4.119029051885548e-05,0.021053654225364902
ASV0946,0,0.4361595598797466,-1.161255249792129,0.051360012549564564
GCC0945,0,0.383200093962692,-0.5242004380333078,0.0005770718379479304
LRW0970,0,0.383200093962692,-0.5242004380333078,0.0005770718379479304
BLL0929,0,0.383200093962692,-0.5242004380333078,0.0005770718379479304
FBA0348,0,0.3724039223267645,-2.295585616434634,0.0016359934560405678
WDD0366,0,0.5575563164619006,-0.5813305959476018,0.036277084029836495
TNM0961,0,0.49274894561401156,-1.0501585563063323,0.09340415995099165
SBD0913,0,0.383200093962692,-0.5242004380333078,0.0005770718379479304
ICS0956,0,0.383200093962692,-0.5242004380333078,0.0005770718379479304
MAR0955,0,0.6419210687289133,0.37375968960296646,0.15466123603598228
GCG0951,0,0.43907054652588795,-0.9708692032334394,0.04373436947141728
CAH0936,0,0.5689045320527212,-0.8756774056220831,0.0422092712913893
IBB0359,0,0.7015418646708278,6.760745924044193,0.1883090839857969
OHC0973,0,0.383200093962692,-0.5242004380333078,0.0005770718379479304
CSL0949,0,0.383200093962692,-0.5242004380333078,0.0005770718379479304
AVM0947,0,0.6482674645310901,1.1969775745996287,0.03513208710252975
TDG0962,0,0.43393069516232236,-1.0209130691725168,0.025630154705295286
BKW0374,0,0.5034564433699134,-0.4071779907324711,0.017844089530339325
DHM0937,0,0.383200093962692,-0.5242004380333078,0.0005770718379479304
FXF0957,0,0.383200093962692,-0.5242004380333078,0.0005770718379479304
NMB0972,0,0.383200093962692,-0.5242004380333078,0.0005770718379479304
GNZ0953,0,0.43781161170040406,-1.0862599011673364,0.05521892863276024
FKB0163,0,0.383200093962692,-0.5242004380333078,0.0005770718379479304
FPC0954,0,0.383200093962692,-0.5242004380333078,0.0005770718379479304
OMM0944,0,0.383200093962692,-0.5242004380333078,0.0005770718379479304
BHC0665,0,0.3985088958935438,-2.5561832113655907,0.036541019325755625
CHG0146,0,0.3665104417524455,-2.2297538775786574,0.001351651726212101
ELT0769,0,0.3665104417524455,-2.2297538775786574,0.001351651726212101
RKF0164,0,0.383200093962692,-0.5242004380333078,0.0005770718379479304
RRA0938,0,0.4413894812164891,-1.068613116441112,0.06982922462749051
SLP0762,0,0.3665104417524455,-2.2297538775786574,0.001351651726212101
WRM0963,0,0.4428348407063114,-0.9929804380597655,0.04481075752100826
SAB0781,0,0.48483528578286555,-2.994845211450361,0.009265113585180484
RNF0765,0,0.3665104417524455,-2.2297538775786574,0.001351651726212101
AWM0764,0,0.3665104417524455,-2.2297538775786574,0.001351651726212101
NRO0768,0,0.3665104417524455,-2.2297538775786574,0.001351651726212101
BTW0005,0,0.407270666850695,-1.750502321071382,0.06806479418648244
MOP0763,0,0.3665104417524455,-2.2297538775786574,0.001351651726212101
NMF0780,0,0.3665104417524455,-2.2297538775786574,0.001351651726212101
IJM0776,0,0.4767849353697225,-2.4777236977889707,0.007252601207863808
RIH0777,0,0.3665104417524455,-2.2297538775786574,0.001351651726212101
AKH0758,0,0.3665104417524455,-2.2297538775786574,0.001351651726212101
PNH0761,0,0.6097668546491601,-0.5938995609203346,0.08273483685942971
RDM0115,0,0.383200093962692,-0.5242004380333078,0.0005770718379479304
JSA0775,0,0.3665104417524455,-2.2297538775786574,0.001351651726212101
JFC0757,0,0.3665104417524455,-2.2297538775786574,0.001351651726212101
EMW0772,0,0.47058036627779126,-3.2895110570858392,0.006858210689224527
PAD0773,0,0.6240856787200321,1.9330268064731584,0.15526967572225503
CLB0774,0,0.6583405030912872,-0.7650591290527604,0.033174448704487214
TYB0779,0,0.4428920888235115,-1.9712163120968622,0.0004486468645448489
SKG0759,0,0.3665104417524455,-2.2297538775786574,0.001351651726212101
DEB0782,0,0.3665104417524455,-2.2297538775786574,0.001351651726212101
RCP0785,0,0.3665104417524455,-2.2297538775786574,0.001351651726212101
CMW0783,0,0.3665104417524455,-2.2297538775786574,0.001351651726212101
HAH0760,0,0.48803503387936453,-3.007469229640611,0.0036271295014117535
JCR0770,0,0.3665104417524455,-2.2297538775786574,0.001351651726212101
CFM0767,0,0.4742962640730961,-2.619251851005787,0.0032097848450105405
NMG0766,0,0.3665104417524455,-2.2297538775786574,0.001351651726212101
UAD0771,0,0.4925647200247264,-2.874875729489018,0.005534087366337743
AKF0709,0,0.38323662603485414,-0.5288630358480777,0.0005760623716719892
JJB0700,0,0.3984254253100952,-1.0591953335352216,0.00036222842275078775
LHN0151,0,0.3665104417524455,-2.2297538775786574,0.001351651726212101
MAH0149,0,0.43923723440193035,-1.9702575710875614,0.00043329496003699714
QSV0778,0,0.3665104417524455,-2.2297538775786574,0.001351651726212101
RDM0150,0,0.3665104417524455,-2.2297538775786574,0.001351651726212101
RYB0718,0,0.3850089784700596,-0.5301534866252453,0.0005757967049291739
PES0085,0,0.4227428964702254,-1.4143961871254636,0.030210564401667753
YJV0699,0,0.38323662603485414,-0.5288630358480777,0.0005760623716719892
RAR0725,0,0.5279063260130143,-0.4127240580324365,0.02202092663956893
MCT0720,0,0.3860618355203522,-0.5332986482801179,0.0005751767784477589
BTL0722,0,0.38513944232838315,-0.5326788613785514,0.0005752957077011229
RJB0088,0,0.38430456598477936,-0.5307917682653756,0.000575667663589959
GDF0704,0,0.42163099761525163,-1.4957147246534905,0.019068745656489354
PDH0716,0,0.480247609209497,-2.4280378053592937,0.020300216101253064
RLB0719,0,0.4081689413550742,-0.567078218324685,0.00035311129891198737
ABH0663,0,0.3845646691761519,-0.5320544537043368,0.000575417164975927
DPS0262,0,0.41020315877547053,-1.1312745628144292,0.022352894448306442
NJC0705,0,0.3850089784700596,-0.5301534866252453,0.0005757967049291739
MIL0255,0,0.38323662603485414,-0.5288630358480777,0.0005760623716719892
MIM0712,0,0.3860618355203522,-0.5332986482801179,0.0005751767784477589
DTT0076,0,0.3860618355203522,-0.5339138163575878,0.0005750603772158761
AJP0723,0,0.38513944232838315,-0.5326788613785514,0.0005752957077011229
HMW0713,0,0.38430456598477936,-0.5314254233132232,0.0005755411502722114
LOM0086,0,0.46820957194115614,-2.2440059668302332,0.046374722295764316
PDW0259,0,0.43357546473060565,-1.147596265347504,0.031956685248800326
ZSK0258,0,0.38430456598477936,-0.5314254233132232,0.0005755411502722114
AAL0706,0,0.38323662603485414,-0.5288630358480777,0.0005760623716719892
EDB0714,0,0.5365727628981585,-0.2580638994181932,0.0249955169375486
NBH0256,0,0.3850089784700596,-0.5301534866252453,0.0005757967049291739
WAS0254,0,0.4227428964702254,-1.4209544762627733,0.03019324373043124
CQH0701,0,0.45690486412592896,-2.501346245004884,0.038408084561294326
CJH0702,0,0.38513944232838315,-0.5326788613785514,0.0005752957077011229
ABC0253,0,0.4192440193409106,-1.4596394814591651,0.02773050288261173
DMK0257,0,0.5003897471853077,-0.9353363857776351,0.050305999064922065
PLH0715,0,0.38430456598477936,-0.5314254233132232,0.0005755411502722114
CLH0703,0,0.38420991704089646,-0.5295105764617247,0.0005759282742898487
IBB0696,0,0.4628103471152873,-2.2443269644895825,0.04115353787037818
KQC0708,0,0.38356554287554184,-0.5275540555855383,0.000576338150500659
MBR0724,0,0.38323662603485414,-0.5288630358480777,0.0005760623716719892
VAA0087,0,0.42677214301810334,-1.344012104857331,0.017452307889976922
DBG0261,0,0.3860618355203522,-0.5339138163575878,0.0005750603772158761
FWM0707,0,0.40281809806739255,-1.0426798754298456,0.000377071543065912
BJW0619,0,0.37130913504249774,-1.751312386200114,0.00020007088764135593
CKP0721,0,0.3860618355203522,-0.5339138163575878,0.0005750603772158761
CTR0697,0,0.4262562276238681,-1.3866034977042005,0.03010074535502989
KBL0260,0,0.38420991704089646,-0.5295105764617247,0.0005759282742898487
MKG0711,0,0.38430456598477936,-0.5307917682653756,0.000575667663589959
PIS0522,0,0.4755824020764912,-1.4384624390260345,0.016350028242679938
WGS0516,0,0.37662947563992993,-2.647515209109015,0.002737095336165186
XLB0710,0,0.3845646691761519,-0.5320544537043368,0.000575417164975927
TSB0437,0,0.3697302865258682,-1.6797665169625198,0.00018764840982956238
BMT0528,0,0.4988667624536201,-3.2856063322048605,0.025178953295051633
CNE0352,0,0.3769910180566566,-1.6250620014421262,0.00018264449730383001
LJR0523,0,0.47186530316390707,-3.591574101010753,0.007552175214657287
ALD0529,0,0.4590123492922115,-1.6962723255796437,0.012748639718537513
BIH0745,0,0.594087129819475,-1.4246026595430656,0.027864656729804437
GMF0738,0,0.3703614159427315,-1.660102256065949,0.0001741729596115049
HDL0748,0,0.37292639956609064,-1.7358182593129285,0.00023050298470803034
JBD0616,0,0.6075467288206651,0.4985658799806476,0.26167163820813283
JPW0741,0,0.36921920737852804,-1.6796139812988002,0.0001766958797105816
ONW0083,0,0.37156600239796667,-1.7084491355723284,0.00020547668603958168
MKW0441,0,0.46970229179244183,-2.6481937793759034,0.027696320965499566
HJB0742,0,0.4579084101879499,-2.949443631093109,0.022708491603342398
AAS0442,0,0.4182610754833966,-1.9991691012024013,0.013701650927353893
DGM0754,0,0.3737468338388433,-1.771348727005977,0.0002564844137715853
RAH0440,0,0.3722981607573744,-1.7123638758165072,0.0002179733754956414
EPW0434,0,0.3706232326971352,-1.6601456890631479,0.0001756707032794142
MHG0244,0,0.373221065094942,-1.6438875187488975,0.00015569551100014253
KES0729,0,0.4227545654306515,-2.100267946942372,0.004014508421148507
WVB0539,0,0.3720750929678276,-1.7175460379983818,0.00021553308453682574
PID0426,0,0.40824614278205923,-2.040542988390243,0.1310835004056712
HAH0248,0,0.3706595634030556,-1.7123292396538137,0.00017286640760114309
BIS0247,0,0.4672191933028612,-2.7009015955888653,0.007917718237209355
DGW0752,0,0.4133910151006359,-2.1288220187355087,0.008762345600549516
AIM0627,0,0.37056115177254934,-1.7419919087664724,0.00019854262020075665
RGH0728,0,0.3706232326971352,-1.663986262728292,0.00017903872640602598
MVB0515,0,0.5422166962959736,-1.7257589627464416,0.08426722439574821
LHB0606,0,0.3706640897003629,-1.6506967642491954,0.0001629650432992678
ARD0509,0,0.3826931055797312,-2.681710466351383,0.004846602663032823
AAF0535,0,0.47242254408841106,-2.9808999714711515,0.009288630533128573
GCC0744,0,0.37057867618060475,-1.6540378937795541,0.000159233050180425
PKB0429,0,0.3704422557431953,-1.7087140877762224,0.00018706398115819295
QPM0727,0,0.3704422557431953,-1.7229882001424937,0.00018996480090732263
PPF0435,0,0.5913506423791164,2.8128985785942575,0.42632809428844054
MLD0755,0,0.41274610258840566,-2.1133017550598243,0.007184603525669391
MAD0753,0,0.37173634402544353,-1.6549852152141753,0.00018811289718146342
LCB0664,0,0.6142243544429968,0.5805821924358323,0.2444225787637299
DGF0443,0,0.36943579757764006,-1.678219967005493,0.00016180419656689745
MBG0438,0,0.3735856162214229,-1.6266516479061242,0.0001774716624565295
QRM0739,0,0.633598036398866,-0.10912962017420824,0.013674956324639347
OLB0749,0,0.3783126459209683,-1.5400366525335123,0.00015873823365358862
SMW0084,0,0.37114003357266884,-1.6990473245029065,0.00018289113457299627
SCF0608,0,0.37120170780289474,-1.6696579421478237,0.00019336274706752396
MDM0625,0,0.6591521670464311,0.0764228274133334,0.009715150610907176
KJS0618,0,0.37156600239796667,-1.7037045803252866,0.0002027541687875465
IMP0530,0,0.3764125171948359,-2.6455165066011315,0.0027247957375069725
GZC0735,0,0.4622650365641472,-3.0660566298856775,0.008930220694862259
MTB0620,0,0.5045561156611128,-2.72364667938127,0.01970913141809613
MHG0733,0,0.37156600239796667,-1.7226361362530866,0.0002131197311331416
LLV0602,0,0.37256631510864796,-1.6500523393375097,0.00018671977212319745
LCD0622,0,0.37156600239796667,-1.7179949854948813,0.00020934762871798775
HKR0628,0,0.43801120338653887,-1.8879881810031272,0.0011620277417193079
FSC0601,0,0.4931477493742733,-2.094246944208699,0.012443884549865307
DMM0623,0,0.41374048364310684,-2.08991073558221,0.007840653846410335
CKB0427,0,0.37095502785369355,-1.71834075245396,0.00020069996037622338
CAB0614,0,0.4580588284075349,-3.064828822712622,0.0052995635389229395
KWE0082,0,0.49139041970357844,-2.950347639859613,0.013519077608328168
RAS0432,0,0.41531608037368767,-2.1588216460857925,0.010530901662341574
UJC0737,0,0.37156600239796667,-1.7131193317129956,0.00020913184076334416
UCH0519,0,0.3759505217947893,-2.6520240268996744,0.0025639596683303487
JMD0520,0,0.5206461640803377,-2.406736896610145,0.027624661829338194
NJB0243,0,0.3752371696460644,-2.169494959685668,0.0005858534766845397
GQP0743,0,0.3692911064483532,-1.6748608693134397,0.00017908238973815503
DSB0731,0,0.3747368168928335,-1.6443413870350536,0.0001947619604993025
CSB0080,0,0.36896981598476236,-1.6942819490093939,0.0001941772074514107
BVN0514,0,0.389414957804341,-2.6844975115294503,0.007788221206496259
TET0621,0,0.3986428739673445,-2.5499578772444753,0.060915591598240185
RKD0604,0,0.6383718716206277,-0.7427025432982592,0.0899975402247473
GCS0518,0,0.37716040382918825,-2.6588163556083337,0.0028338658749402527
OKB0439,0,0.3703614159427315,-1.6647226127981831,0.00016954876182019056
EIM0156,0,0.4352539733264202,0.5735062666442872,0.00275230718732652
CAA0612,0,0.4898333513699993,-2.959832686727152,0.01156540504013557
FBW0747,0,0.3788857795459793,-2.1717155474440837,0.0004409764634568332
BSA0431,0,0.36829072846636063,-1.6889800560913848,0.00017352629238117352
CYA0506,0,0.3765938161170296,-2.616635059960222,0.0019440848410005665
JCV0245,0,0.36867593274880056,-1.6931627108243656,0.00016819192851599146
JOM0750,0,0.3728962716246879,-1.7521431355715311,0.00016978844374210804
KWC0004,0,0.36855108140555276,-1.6895046153445161,0.00018522898850429953
TEB0251,0,0.417810452627855,-2.2223404495773202,0.006055523005433739
PGO0433,0,0.3695521665770774,-1.6748915591288416,0.00018062809105898016
LEM0605,0,0.3663273781699454,-1.6940982035949457,0.00010042519303760595
FMG0527,0,0.5861136100314266,-2.334428096754415,0.017129433998746245
FRL0511,0,0.37725435779713307,-2.6500989433052418,0.0026860724894273895
EMB0531,0,0.4539035153297141,-1.7836989845260796,0.011252258074777956
ASS0517,0,0.4561343520655892,-1.780450642471946,0.010540859812635294
BEH0615,0,0.4675414456902976,-3.015310587977339,0.014889313779994579
FHO0630,0,0.3739590403734694,-1.6285221690016574,0.0001508444058177645
BSH0445,0,0.3705712309268824,-1.6650670566267571,0.00018471565688959175
BAM0611,0,0.4127092514247654,-2.1053631582284815,0.008236734876240749
CRD0624,0,0.39295261804520043,-2.587272891658113,0.03902171151655146
PRM0740,0,0.370704129645059,-1.7039986452509286,0.0001935177105158713
HMM0108,0,0.5975391521623165,0.441833404334913,0.19005314355849204
NNA0610,0,0.3705712309268824,-1.6552397220489663,0.00018114862168840142
VCY0751,0,0.4152865902675787,-2.0625857979283158,0.006936340239537876
SSG0250,0,0.4163964700517322,-2.0461625653348907,0.007227191139449809
RCC0617,0,0.36698189593834035,-1.7522235234066788,0.0001146477867121803
EZH0736,0,0.36845978803785095,-1.6940516388922529,0.00017813995796547497
CQH0730,0,0.37140092375089145,-1.684147828226724,0.0001998869119604771
CGA0629,0,0.3697302865258682,-1.6797325242006664,0.0001892485764461163
GBM0603,0,0.3704422557431953,-1.7089575001658321,0.00018072893960557646
WXH0872,0,0.4697584045890169,-3.0919317872962786,0.01610111383773891
LQP0508,0,0.4709449565099216,-1.283921270935977,0.02321884890734913
SCB0534,0,0.3756943764912161,-2.6427029054258675,0.002595959540957567
MIC0726,0,0.3703614159427315,-1.6598882498437586,0.00016973300779281927
YJF0532,0,0.48383872049495275,-1.102159644524109,0.028419928971783835
KKS0119,0,0.4339402852484097,-1.6697796888777567,0.06647728316215894
CSH0626,0,0.43400559227544616,-1.5927427436376185,0.0038207318481188403
CCW0524,0,0.3761653432553813,-2.641878187095058,0.002556480726510944
ASG0048,0,0.36948021668019443,-1.679791294490407,0.0001852648096500574
ARA0252,0,0.41368947659573196,-2.071471380280766,0.008419096014289102
ANT0430,0,0.42406740105347596,-1.9924628305838716,0.003573563470667926
JXH0493,0,0.358490407021753,-2.2937980784987673,0.00040122902017102616
ASB0796,0,0.358490407021753,-2.2937980784987673,0.00040122902017102616
CIM0271,0,0.4887809630967525,-2.56471999133381,0.04795022995182296
MKS0204,0,0.38157581675985525,-0.49732795420949927,0.0006754362368057441
OMS0101,0,0.38157581675985525,-0.49732795420949927,0.0006754362368057441
ROB0272,0,0.38157581675985525,-0.49732795420949927,0.0006754362368057441
NWT0098,0,0.5388083777665255,-0.3979579840681797,0.048251708456533524
CBG0490,0,0.358490407021753,-2.2937980784987673,0.00040122902017102616
BEC0505,0,0.358490407021753,-2.2937980784987673,0.00040122902017102616
JIM0095,0,0.38157581675985525,-0.49732795420949927,0.0006754362368057441
LPC0492,0,0.37880159497086174,-2.58704388480815,0.0015297732286513694
NCE0097,0,0.38157581675985525,-0.49732795420949927,0.0006754362368057441
RVF0201,0,0.4643729522922098,-2.7358110438359127,0.05248053334678373
CKB0482,0,0.358490407021753,-2.2937980784987673,0.00040122902017102616
CWR0502,0,0.4643089502384991,-3.3160227540716924,0.005268337733249387
OCB0805,0,0.358490407021753,-2.2937980784987673,0.00040122902017102616
SBN0495,0,0.358490407021753,-2.2937980784987673,0.00040122902017102616
SSH0799,0,0.4483213216634827,-1.894310771055851,0.0026536103367085524
RHP0484,0,0.43792148147960525,-2.149676019012386,0.0013137823713534286
MMB0488,0,0.358490407021753,-2.2937980784987673,0.00040122902017102616
KRL0501,0,0.47926519825181374,-2.4174782408835362,0.022288359894187235
KAT0489,0,0.358490407021753,-2.2937980784987673,0.00040122902017102616
ATF0274,0,0.38157581675985525,-0.49732795420949927,0.0006754362368057441
LDG0459,0,0.46592391027807184,-3.4454556664506164,0.011772467266188004
DBW0483,0,0.358490407021753,-2.2937980784987673,0.00040122902017102616
TLM0797,0,0.358490407021753,-2.2937980784987673,0.00040122902017102616
CNM0800,0,0.358490407021753,-2.2937980784987673,0.00040122902017102616
NAB0801,0,0.358490407021753,-2.2937980784987673,0.00040122902017102616
CJF0802,0,0.43887127624775085,-1.7668676399648007,0.0014902520910337039
DVW0103,0,0.38157581675985525,-0.49732795420949927,0.0006754362368057441
IMB0481,0,0.358490407021753,-2.2937980784987673,0.00040122902017102616
JJM0203,0,0.46519044513103086,-2.3469465343601446,0.05225048296481621
MHA0798,0,0.358490407021753,-2.2937980784987673,0.00040122902017102616
SGS0268,0,0.38157581675985525,-0.49732795420949927,0.0006754362368057441
YEV0793,0,0.358490407021753,-2.2937980784987673,0.00040122902017102616
SPA0141,0,0.42657819860962104,-1.306235569370413,0.022137118613688132
WBC0192,0,0.47285969313168047,-2.7511181889233427,0.031170265763301876
QNF0205,0,0.38157581675985525,-0.49732795420949927,0.0006754362368057441
SMY0792,0,0.4774444094248316,-3.264290850063258,0.011325983306532568
ENL0100,0,0.38157581675985525,-0.49732795420949927,0.0006754362368057441
DGN0480,0,0.358490407021753,-2.2937980784987673,0.00040122902017102616
CJC0494,0,0.358490407021753,-2.2937980784987673,0.00040122902017102616
KAT0270,0,0.38157581675985525,-0.49732795420949927,0.0006754362368057441
CUD0795,0,0.358490407021753,-2.2937980784987673,0.00040122902017102616
RBB0485,0,0.358490407021753,-2.2937980784987673,0.00040122902017102616
SVL0803,0,0.358490407021753,-2.2937980784987673,0.00040122902017102616
RAG0275,0,0.38157581675985525,-0.49732795420949927,0.0006754362368057441
WAB0143,0,0.38157581675985525,-0.49732795420949927,0.0006754362368057441
SBQ0786,0,0.358490407021753,-2.2937980784987673,0.00040122902017102616
ONL0276,0,0.38157581675985525,-0.49732795420949927,0.0006754362368057441
SMB0804,0,0.358490407021753,-2.2937980784987673,0.00040122902017102616
CMM0487,0,0.358490407021753,-2.2937980784987673,0.00040122902017102616
IRT0491,0,0.358490407021753,-2.2937980784987673,0.00040122902017102616
CTW0500,0,0.358490407021753,-2.2937980784987673,0.00040122902017102616
DDA0476,0,0.358490407021753,-2.2937980784987673,0.00040122902017102616
EHR0096,0,0.38157581675985525,-0.49732795420949927,0.0006754362368057441
XHW0498,0,0.4833805881282985,-2.3576240423324872,0.024190508150955557
ZJS0269,0,0.38157581675985525,-0.49732795420949927,0.0006754362368057441
XAA0104,0,0.4808945627285356,-2.7933919451585467,0.03737201011420763
AAF0791,0,0.358490407021753,-2.2937980784987673,0.00040122902017102616
CAM0102,0,0.38157581675985525,-0.49732795420949927,0.0006754362368057441
CKH0144,0,0.38157581675985525,-0.49732795420949927,0.0006754362368057441
HCV0478,0,0.4288365572828358,-2.274495712799091,0.002429080110994997
LQC0479,0,0.6253237938544268,-1.4815490960407605,0.11552412389748999
OLF0504,0,0.358490407021753,-2.2937980784987673,0.00040122902017102616
FIR0920,0,0.432082345444683,-2.1955895770108427,0.010658701444515488
AMH0794,0,0.358490407021753,-2.2937980784987673,0.00040122902017102616
BJH0354,0,0.358490407021753,-2.2937980784987673,0.00040122902017102616
KBC0054,0,0.358490407021753,-2.2937980784987673,0.00040122902017102616
NMC0486,0,0.358490407021753,-2.2937980784987673,0.00040122902017102616
SES0477,0,0.4281827697326593,-2.2574944577578435,0.002151119782444886
HBB0056,0,0.358490407021753,-2.2937980784987673,0.00040122902017102616
CIG0052,0,0.358490407021753,-2.2937980784987673,0.00040122902017102616
CLF0852,0,0.4236852967173672,-1.9597233100542777,0.004752761411395121
TCD0009,0,0.358490407021753,-2.2937980784987673,0.00040122902017102616
HCS0003,0,0.5688550506365417,-1.8204201291837983,0.008720933294091878
SLB0049,0,0.358490407021753,-2.2937980784987673,0.00040122902017102616
KBS0874,0,0.41556553684183783,-2.01659987557089,0.023751419529546045
PLH0862,0,0.38354270984649774,-0.48841006310852286,0.0006835271988209642
RLG0856,0,0.46119014724253815,-2.788283733178689,0.03416632722488817
FGW0853,0,0.39956181715440564,-1.7141579366016142,0.022015736793456937
RUM0880,0,0.4944059000998659,-2.6687333398855007,0.015202203848617939
SBN0866,0,0.6207576455707899,1.088906501855897,0.4511446828337227
WDO0870,0,0.4116308926970753,-1.3660505045070135,0.03321725702485757
JOL0024,0,0.38293932384683543,-0.49006576840869087,0.0006820333626250248
IJW0851,0,0.3906116570899127,-0.6135949103137985,0.0005819816478831566
GRM0868,0,0.38328329786496423,-0.4858980357380549,0.0006857869132758555
BMS0877,0,0.38293932384683543,-0.4906925142314442,0.0006814669420378122
LTS0860,0,0.38328329786496423,-0.4875765140228374,0.0006842779089511389
OCS0865,0,0.4583703571611184,-2.9041920037236313,0.03300357262574601
FFC0891,0,0.5614734236321013,-1.20825300298522,0.0643958378206688
HAM0985,0,0.38354270984649774,-0.48841006310852286,0.0006835271988209642
NAR0981,0,0.38328329786496423,-0.4875765140228374,0.0006842779089511389
ZJE0857,0,0.389729648601537,-1.2479020102843421,0.00019435126414557395
YCE0983,0,0.38354270984649774,-0.4850531116399388,0.0006865452074704203
KKW0879,0,0.6164890399551473,1.8651892884144523,0.4457781422699455
HDD0789,0,0.38182339555568484,-0.4933315360374042,0.0006790760264907015
JCW0858,0,0.38328329786496423,-0.4867391707157296,0.0006850311471027668
MAH0864,0,0.38293932384683543,-0.4917062661954912,0.0006805496385149451
MAS0025,0,0.6332919968536485,-2.69295381425394e-05,0.03606617288672189
NSS0876,0,0.38293932384683543,-0.4917062661954912,0.0006805496385149451
AOS0987,0,0.542958124904351,0.00027393112903162375,0.08554448673913538
CCR0863,0,0.38293932384683543,-0.4908879195179878,0.0006812902365592611
ZDW0859,0,0.41433497080288195,-2.003123677042174,0.02217675287174699
CCM0855,0,0.38328329786496423,-0.4875765140228374,0.0006842779089511389
FQA0854,0,0.39318364509051107,-0.6723725298528116,0.0005381702258365578
KJJ0293,0,0.49365027728467564,-2.65477249361267,0.026519814233071152
BAH0875,0,0.402066303344493,-1.6165888465246496,0.06600989645737429
SAP0867,0,0.38354270984649774,-0.4837027044024129,0.0006877553683656714
THR0873,0,0.6435833972580541,0.33240628566246677,0.01013303415031912
WKF0012,0,0.38293932384683543,-0.4892398154212323,0.0006827790167122612
HPM0986,0,0.38293932384683543,-0.49006576840869087,0.0006820333626250248
MKP0861,0,0.4159468986556425,-2.004972133583724,0.024912243449699625
JNA0559,0,0.3797962957495099,-2.5709432573318054,0.001278132340114913
SJW0451,0,0.37829721384634607,-1.434239320398376,5.732622360284389e-05
DOP0562,0,0.3799805892414045,-2.552161977227227,0.00107244281182493
EGD0132,0,0.49231995427674735,-2.6087638591400886,0.02595622313936662
AIP0982,0,0.6130329200283701,0.38316643734955314,0.05858775142651207
SGB0140,0,0.4793572249766762,-0.9285516694522808,0.044184963562319705
MYD0978,0,0.6011840815222307,0.00023628904073014212,0.056708972292895295
SOG0411,0,0.37156999995283735,-1.5441427395137861,3.833734737446757e-05
NRD0548,0,0.3770884960737113,-1.5260420749749777,3.8873596514232e-05
EGD0409,0,0.4091863661174178,-2.4080880409566667,0.010959725459106158
CCL0068,0,0.5096370720725213,-1.2922648563317,0.05594927965948633
BJP0134,0,0.6542677188060297,1.6089324994587262,0.047311389906826436
IJM0139,0,0.3794135150416171,-2.5674327972252584,0.0012135172496732475
HCW0419,0,0.40998177802618535,-2.3788932444013025,0.009116622171536129
HSD0457,0,0.37425761404442587,-1.482903489911763,4.541811538984631e-05
IUB0565,0,0.48327464648406193,-2.7247667554222623,0.023296283295245575
JJH0292,0,0.46410030882818654,-1.570927513650087,0.02417714212759883
PGC0066,0,0.3770884960737113,-1.527183567786313,3.8917916360126784e-05
TIW0299,0,0.37941351504161713,-2.5597958167421115,0.0011416525767637864
NRF0137,0,0.3883820183277863,-2.4403104065085195,0.001013797145088687
TEM0977,0,0.3708752183346062,-1.487704068582799,4.9025401366235934e-05
RMW0542,0,0.5217701381247227,-1.0416349654220323,0.06351167881401378
NCK0295,0,0.37941351504161713,-2.5570434983207253,0.0011205795662966147
ZFM0468,0,0.37313381486824493,-1.535592854200548,3.96331613968026e-05
KRM0541,0,0.3833921483571504,-2.0019148189116827,0.0002148637927359801
JRH0455,0,0.3829945994385532,-1.4189205289814524,6.0593787385627294e-05
APG0307,0,0.38352806058845473,-2.5540609138652783,0.0011628669236731961
AJL0462,0,0.4133210101777662,-2.0775170914877634,0.006936462078050368
AHM0410,0,0.5094721119956442,-2.659338234293484,0.0492530262835746
MGS0974,0,0.4778839226999919,-2.974142368717498,0.007346321200015145
DFH0188,0,0.6052329165432137,-0.2303712877461237,0.05297925756582253
CLS0296,0,0.37913410127816133,-2.55370020239846,0.001098379026279649
ERH0449,0,0.37161465055781023,-1.4879622469213736,4.783908863014955e-05
GJD0298,0,0.38294244846256204,-2.5558810177984057,0.0011940857621137253
HDJ0446,0,0.3713200899456867,-1.494446585738057,4.693104610936582e-05
KBG0549,0,0.46409757235582993,-3.5801707959688507,0.01339231233472535
MDM0976,0,0.3761479704690735,-1.4476404602191533,5.00277465885516e-05
TAC0300,0,0.38446712205510325,-2.545123658147549,0.0011424910267664548
WSR0241,0,0.37876077861945584,-2.646381571868103,0.002216357057422858
ZSL0305,0,0.3794135150416171,-2.569711512530363,0.0012298259885753253
TAP0551,0,0.5387973047030767,-2.0966494551882864,0.03184859640970481
JCR0289,0,0.38424564871223976,-2.5404596302359828,0.0010836620358302069
AMJ0297,0,0.3837645652390723,-2.546868763702461,0.0011290663499631084
CJG0470,0,0.38048886515624186,-1.5013721883485562,3.579992427474235e-05
BSS0463,0,0.3820603035096562,-1.9778517628536427,0.00018751352629557935
GCL0016,0,0.44831390212123623,-3.5799888889333538,0.012054902296420566
JMH0543,0,0.40986207051476675,-2.3942187332080422,0.011615131777954228
WLV0566,0,0.37831224286164333,-2.561678170749362,0.00118994893247788
JKM0303,0,0.378094315053864,-2.5619798636264814,0.001185004612449224
TMA0069,0,0.37587619938957273,-1.4719200577122162,4.532629197605146e-05
ANP0555,0,0.37550810697175613,-1.5420990053524726,3.709661601261917e-05
BDB0453,0,0.36701619851587175,-2.2528203441646895,0.0015834348662467953
AMH0464,0,0.3719175108981048,-1.479869244808416,5.117891397300942e-05
PTH0552,0,0.4092062115979861,-2.3962887693792574,0.009692729606948064
NCK0421,0,0.3769376993760157,-1.5495080925608224,3.582147747666956e-05
HGG0240,0,0.3704869081349781,-1.4685467082724468,4.9756434998031556e-05
KVS0425,0,0.3746558348885475,-1.5455628310585308,4.185168316568642e-05
BMC0547,0,0.37618413816960355,-1.529303150415176,3.9083407823031705e-05
BHW0458,0,0.3745880284227508,-1.4598062679290518,5.091316200219966e-05
CEL0561,0,0.45314248833884807,-1.8455317914092753,0.01671208838823859
HSP0290,0,0.37831224286164333,-2.564014614690615,0.0012053635918066856
NBC0412,0,0.3746176712934643,-1.616323279507613,4.154903511622465e-05
KQS0415,0,0.3741847480212401,-1.489433610340276,4.4470420860787924e-05
JNJ0556,0,0.6955669569487283,11.914652926582647,93.64559966538322
HRW0550,0,0.3704869081349781,-1.4706862363196933,4.977449517015657e-05
BXJ0010,0,0.37269159105497063,-1.6056947666008021,3.618109423286035e-05
GCR0554,0,0.37147613500271054,-1.5124621468288062,4.566226464783748e-05
CTA0020,0,0.607445972415077,-0.0005254806979611004,0.28534374001574275
CRP0456,0,0.38109461990880444,-1.5098137005714047,3.791365976715734e-05
BYP0070,0,0.3712378866408056,-1.4718168751009166,5.054179244919149e-05
HKB0418,0,0.3723231738902906,-1.5538477604175238,3.9729373548350914e-05
HBO0413,0,0.5147428260742849,-1.1853449267321423,0.06040480543595778
HVF0067,0,0.4835535137666045,-3.3466197972725134,0.01672884945937693
ICH0294,0,0.5319536125647549,-2.448149654116694,0.020868339981485223
FTM0406,0,0.643818844992474,-0.3373509926264635,0.0035507622717712113
KPP0452,0,0.3815735322547892,-1.4862854532909076,3.837112010485926e-05
AAV0450,0,0.37059449697953256,-1.5226774067593976,4.181449741421575e-05
SCP0130,0,0.4981913812046156,-3.266476372205691,0.012494911898865245
SBH0537,0,0.48887345855758396,-2.9498622216795383,0.04424998846950461
RGN0408,0,0.37535329449724636,-1.4538159358512193,5.5110131984304615e-05
NDM0417,0,0.4696099510432597,-3.230895955722751,0.0035129248014146037
KPC0073,0,0.4661494410625912,-1.7531849476685206,0.059834415495827596
ILR0304,0,0.38006125951573444,-2.5758740076263926,0.0013863959685150968
HIW0536,0,0.3887351443214957,-1.3028089286332971,6.267383654102038e-05
KJW0416,0,0.37835059110186736,-1.4597553254075297,4.250929337604381e-05
GHL0460,0,0.6359755848615153,-0.5058012624431747,0.04940802611890511
GAF0570,0,0.46427039895957956,-1.603262433303433,0.024276744357038315
FEB0306,0,0.4982346127018797,-2.5719774409398557,0.04990564650019744
EAH0466,0,0.6195041591555713,0.6206777599726667,0.08105412538056228
CMS0454,0,0.3741189276013206,-1.4660525543960166,5.2100692868027986e-05
BBS0422,0,0.4931072963463527,-3.2719817204296824,0.032387956467536255
GLR0975,0,0.40907865901189194,-2.430859931162262,0.012388003439772845
NKP0236,0,0.5046927639526967,-2.612125205576133,0.009391929070561807
PNL0301,0,0.48691300745181765,-2.5944824273206386,0.029131762140194764
ORB0473,0,0.37906850488275334,-1.4408248242619948,4.6187241797644485e-05
TBT0461,0,0.37655131492343563,-1.4702371983732103,4.227828198514671e-05
HIA0414,0,0.3761479704690735,-1.4531730799468878,4.8788499754740535e-05
CCM0467,0,0.37753093210369404,-1.5271837488439193,3.788942916761098e-05
BNG0237,0,0.4091863661174178,-2.410578832889872,0.010518998593540753
HJA0018,0,0.40748846025610796,-2.428788042980221,0.011218219918670879
SDF0017,0,0.3761479704690735,-1.454297210755934,4.8761493456422414e-05
RDT0424,0,0.4429194557953287,-3.497130161395585,0.006384886295638198
NUL0471,0,0.4091863661174178,-2.4028974054055148,0.010515325419667392
LFS0071,0,0.37156999995283735,-1.548399565743166,3.773696336008368e-05
KSH0569,0,0.38378763822913237,-2.547033476325506,0.0010948039082193009
PSF0133,0,0.48567409954121415,-2.680225074076416,0.02462937143810585
GOK0238,0,0.3874985478165346,-1.3616653313638363,6.99056393064884e-05
DAG0558,0,0.3783933973258288,-2.563884308601276,0.0012174547528321956
CCM0136,0,0.49054750553696613,-2.8814815538913354,0.021315432080513282
ABN0239,0,0.4099536134590696,-2.3881140696237946,0.010883373707993353
AAW0353,0,0.37962039050351354,-1.4388397284406267,4.727856992270119e-05
GZB0469,0,0.3704869081349781,-1.4729635887022017,4.864204118969859e-05
WTR0563,0,0.38514097126316127,-2.531770153860389,0.0010711296189701237
VMJ0546,0,0.5395609349554599,-2.7188468691323955,0.022672936374514275
VIA0063,0,0.661201030132315,1.3411947751059081,0.021715384744035265
TJB0302,0,0.389184522075177,-2.527387739473978,0.0011724915755599646
GHH0288,0,0.501201764087691,-3.0807800526663858,0.0041557854383748654
HJS0072,0,0.4508656941360104,-3.5985197307287393,0.01379073611924459
CJM0138,0,0.38324561672562046,-2.550486808089559,0.001164000932906391
ALD0544,0,0.3706615746452558,-1.4749302582774622,4.9837255106933784e-05
MES0407,0,0.38141930093729226,-1.493236780431154,3.5701903892441075e-05
THD0448,0,0.37026051960860124,-1.4990243591164525,4.482812530557006e-05
TPH0474,0,0.3779775460943779,-1.4420941388196962,5.131096136111744e-05
RRP0568,0,0.49767966188832913,-2.5576942768406585,0.07364812569776254
AOB0019,0,0.37101103922394285,-1.5086159001957906,4.421399382614386e-05
MLG0475,0,0.37275261050256453,-1.5450391859063792,3.951375536819115e-05
HRB0351,0,0.6125807659285941,0.033976526672777396,0.08214363625128561
RHY0079,0,0.4204735548227934,-2.3584419315456024,0.004663682291719719
NLO0131,0,0.3789384814994166,-2.56278894339491,0.001182140697154866
KDT0346,0,0.41540878144108795,-2.1456339169073875,0.05726364197897465
KMW0545,0,0.4598835095201994,-3.5421997499407887,0.016669956906342945
ESH0135,0,0.37773459481040683,-2.5663518863965376,0.0012406196342114692
EMW0105,0,0.3931429945161386,-2.417560593737633,0.0027056360768529515
EGK0893,0,0.3931429945161386,-2.417560593737633,0.0027056360768529515
CCH0182,0,0.41296776263202617,-0.011991729355578684,0.0011089493360220578
JFC0557,0,0.5866322504202599,-1.4789313824647898,0.05662998215553184
PGH0184,0,0.4144833696088219,-2.1889384886498906,0.057935049987658326
CJV0286,0,0.4801665334604066,-1.0667778101562906,0.049423657733028946
JSH0330,0,0.41296776263202617,-0.011991729355578684,0.0011089493360220578
KJG0910,0,0.3931429945161386,-2.417560593737633,0.0027056360768529515
MFV0897,0,0.3931429945161386,-2.417560593737633,0.0027056360768529515
JML0909,0,0.4819936086772233,-0.9649113361497932,0.05378333545857477
CLD0894,0,0.3931429945161386,-2.417560593737633,0.0027056360768529515
AKK0329,0,0.41296776263202617,-0.011991729355578684,0.0011089493360220578
EJW0884,0,0.3931429945161386,-2.417560593737633,0.0027056360768529515
NHH0185,0,0.4173862624290431,-0.5527454009424968,0.0005595498198628082
TSG0906,0,0.4761425231431976,-1.1980576907246565,0.045216169183916494
ESH0283,0,0.6374220923929917,2.6901737965529957,0.10079053360307717
IBP0883,0,0.47115773988862336,-1.1939756329538582,0.027675862012660354
MAE0331,0,0.41296776263202617,-0.011991729355578684,0.0011089493360220578
OQH0183,0,0.41296776263202617,-0.011991729355578684,0.0011089493360220578
SDB0106,0,0.5451754818723872,0.034121958347730796,0.08896264724825587
AAE0190,0,0.3749665891228858,-2.0562105587452635,0.00031824150433185376
HCL0113,0,0.3931429945161386,-2.417560593737633,0.0027056360768529515
HGN0287,0,0.3931429945161386,-2.417560593737633,0.0027056360768529515
NCH0179,0,0.41296776263202617,-0.011991729355578684,0.0011089493360220578
ORG0339,0,0.41296776263202617,-0.011991729355578684,0.0011089493360220578
QCH0110,0,0.3931429945161386,-2.417560593737633,0.0027056360768529515
SSR0278,0,0.3931429945161386,-2.417560593737633,0.0027056360768529515
SSS0345,0,0.41296776263202617,-0.011991729355578684,0.0011089493360220578
XHG0902,0,0.3931429945161386,-2.417560593737633,0.0027056360768529515
JZD0888,0,0.3931429945161386,-2.417560593737633,0.0027056360768529515
EFS0882,0,0.3931429945161386,-2.417560593737633,0.0027056360768529515
MIB0904,0,0.47789335178803605,-1.0195006943054548,0.05073498898338357
CAC0889,0,0.3931429945161386,-2.417560593737633,0.0027056360768529515
CXC0336,0,0.41296776263202617,-0.011991729355578684,0.0011089493360220578
WNB0908,0,0.47553392741291545,-1.1747341465141172,0.04586897170403474
SLT0907,0,0.3931429945161386,-2.417560593737633,0.0027056360768529515
ZKS0899,0,0.6694119337779353,2.148732367506007,0.09715096660671924
PKB0281,0,0.3931429945161386,-2.417560593737633,0.0027056360768529515
SNC0187,0,0.6476262769985356,3.363281911195381,0.27718072231920554
NAB0903,0,0.3931429945161386,-2.417560593737633,0.0027056360768529515
CNB0900,0,0.3931429945161386,-2.417560593737633,0.0027056360768529515
OKC0107,0,0.3931429945161386,-2.417560593737633,0.0027056360768529515
ARB0881,0,0.3931429945161386,-2.417560593737633,0.0027056360768529515
POB0343,0,0.41296776263202617,-0.011991729355578684,0.0011089493360220578
SXM0895,0,0.3931429945161386,-2.417560593737633,0.0027056360768529515
ZMC0284,0,0.3931429945161386,-2.417560593737633,0.0027056360768529515
GTD0898,0,0.3931429945161386,-2.417560593737633,0.0027056360768529515
LJJ0905,0,0.41612096697696443,-2.448361788204089,0.004532188337773845
CGF0337,0,0.41296776263202617,-0.011991729355578684,0.0011089493360220578
BMM0112,0,0.3931429945161386,-2.417560593737633,0.0027056360768529515
CRO0027,0,0.46864211657507726,-1.229458926735262,0.03893317030330394
HAC0282,0,0.3931429945161386,-2.417560593737633,0.0027056360768529515
HCC0344,0,0.41296776263202617,-0.011991729355578684,0.0011089493360220578
PMC0328,0,0.4674899926534479,-2.960664458632566,0.05948570872019521
SAT0194,0,0.3749665891228858,-2.0562105587452635,0.00031824150433185376
CEJ0109,0,0.4979177085863826,-2.539869594304518,0.036602199871489265
HFB0347,0,0.6448732844402552,3.136861361814953,0.24903282536396587
MTT0901,0,0.5620113386705657,-1.2465271372811237,0.07170047326649254
OYM0026,0,0.43624269186177306,-2.2254344810589597,0.019553645063342156
ACV0812,0,0.47018627719170714,-1.4133242771278507,0.035924945494496645
DIB0285,0,0.5095367344029735,-2.3213242496094253,0.04429197779676288
HWM0342,0,0.41069526518118266,-0.8577322379474825,0.000358554022169905
TOR0193,0,0.43602810027735267,-2.3061325237828036,0.005358009326051786
LUR0896,0,0.4349888992253028,-2.3306640110976424,0.02160717204592695
DOL0332,0,0.41296776263202617,-0.011991729355578684,0.0011089493360220578
WKD0013,0,0.41803863577858197,-2.421953791719906,0.011671528829748572
SHR0334,0,0.41296776263202617,-0.011991729355578684,0.0011089493360220578
RHC0335,0,0.41296776263202617,-0.011991729355578684,0.0011089493360220578
KJM0887,0,0.3931429945161386,-2.417560593737633,0.0027056360768529515
IUY0279,0,0.48629888550742817,-0.8209927587848149,0.05955140662555036
BLB0114,0,0.5137160380526735,-0.4874316397619687,0.06502258642060531
BJM0111,0,0.64682642747234,-1.9329987984979553,0.009271793590823786
AGB0186,0,0.41296776263202617,-0.011991729355578684,0.0011089493360220578
SHW0578,0,0.3749665891228858,-2.0562105587452635,0.00031824150433185376
VSS0154,0,0.5115369733101417,-1.9269030374586453,0.053214835859520915
MJS0890,0,0.3931429945161386,-2.417560593737633,0.0027056360768529515
GNS0178,0,0.6169780344018287,0.4460033361764921,0.06323615820774307
CSJ0340,0,0.41296776263202617,-0.011991729355578684,0.0011089493360220578
MDH0580,0,0.5114730380400634,-1.9034792240496827,0.05537585690817329
MLL0598,0,0.6256938436197678,4.155299041223136,0.6695114826633686
NSC0597,0,0.38805369073287005,-2.388981965280383,0.0008370196229626522
WJD0576,0,0.3749665891228858,-2.0562105587452635,0.00031824150433185376
BCR0581,0,0.45592790074886996,-1.7321769235621929,0.01965861809805962
DCC0160,0,0.41296776263202617,-0.011991729355578684,0.0011089493360220578
VMJ0147,0,0.3749665891228858,-2.0562105587452635,0.00031824150433185376
TJG0582,0,0.3749665891228858,-2.0562105587452635,0.00031824150433185376
ASM0575,0,0.44139267682421013,-2.2864928867247247,0.006611573691995909
JDF0593,0,0.6279647252759013,1.10325953395839,0.27430393098381056
LPH0572,0,0.3749665891228858,-2.0562105587452635,0.00031824150433185376
ASD0577,0,0.3749665891228858,-2.0562105587452635,0.00031824150433185376
ZCF0590,0,0.3749665891228858,-2.0562105587452635,0.00031824150433185376
IEB0153,0,0.3827988435841766,-2.2527044449250013,0.0006805136437075704
SAH0599,0,0.3749665891228858,-2.0562105587452635,0.00031824150433185376
JRL0574,0,0.3749665891228858,-2.0562105587452635,0.00031824150433185376
KLH0596,0,0.6776250971689447,1.4647653490479478,0.010592291601784409
MVF0594,0,0.3749665891228858,-2.0562105587452635,0.00031824150433185376
WPE0538,0,0.3749665891228858,-2.0562105587452635,0.00031824150433185376
SER0165,0,0.41296776263202617,-0.011991729355578684,0.0011089493360220578
DSM0591,0,0.3749665891228858,-2.0562105587452635,0.00031824150433185376
HPR0585,0,0.43037143838821995,-2.363111271516555,0.006057480312746879
KJA0152,0,0.3749665891228858,-2.0562105587452635,0.00031824150433185376
MJB0588,0,0.3749665891228858,-2.0562105587452635,0.00031824150433185376
PMV0850,0,0.49840958051595635,-2.5606762924430218,0.034727034800761
DDM0579,0,0.3749665891228858,-2.0562105587452635,0.00031824150433185376
LDM0587,0,0.3749665891228858,-2.0562105587452635,0.00031824150433185376
SOB0586,0,0.3749665891228858,-2.0562105587452635,0.00031824150433185376
WDV0573,0,0.41409862431886696,-2.5210549410430474,0.02189857917892809
EHD0584,0,0.46033974635427977,-3.3788572918833815,0.013531005367341042
GCS0571,0,0.48960329531322844,-3.320065796916733,0.03899381551279467
HGH0595,0,0.3749665891228858,-2.0562105587452635,0.00031824150433185376
SAC0592,0,0.43606224564475893,-2.3265209420833717,0.0060406147870638435
DIC0988,0,0.4229317193138523,-0.0021014915420281,0.0011243013524633182
SBK0161,0,0.47262918009721744,-1.1361738853306385,0.04313443282267402
KVT0028,0,0.423812804178949,0.007864671299765646,0.0011399909774365842
AMM0014,0,0.4229317193138523,-0.00011432590043014557,0.0011274122687754092
ETR0177,0,0.3847582601542425,-2.041731337070898,0.000306973341099512
LNS0989,0,0.41574627564755867,-2.353912046100069,0.006879336691479917
DLH0029,0,0.4302388475710716,0.017906538981165454,0.0011560182109418519
UCS0227,0,0.4251670532764703,-0.9606792483785327,0.00016319143253180747
SAC0687,0,0.4406249169734447,-2.0266028080030978,0.0013108088770198358
AIS0405,0,0.4301669566603192,-0.8771404930156983,0.00019390366348845926
DBS0235,0,0.39766146166001803,-1.9664088681517224,0.0002754062994812978
VCC0396,0,0.47893493137788706,-3.3746556865869195,0.01129689166921386
BTR0403,0,0.4749085161425614,-3.155514583657716,0.016244659561376232
ESR0693,0,0.5280740297356818,-2.828887442855306,0.016339541829617624
KAL0395,0,0.42848122510612274,-0.9297107339370356,0.00017556922995382618
ADF0397,0,0.4263027832758848,-0.9583887339618506,0.00016518460063958258
AIP0394,0,0.4144337090724956,-2.34828150683264,0.013485782009909764
JBM0350,0,0.3692435070641222,-2.318831418348628,0.0007438263000695077
CBG0398,0,0.4281226887026562,-0.8991609340406974,0.00019595781070619827
OJK0233,0,0.42545481282244474,-0.97334396788135,0.00015642324237063538
AKR0057,0,0.4650376283610818,-3.340741610327658,0.01809285124907202
DJS0682,0,0.43226894155013695,-2.278582055246707,0.0014519829635625048
EDA0684,0,0.44932476341738137,-1.9641801794125548,0.03143309190730653
OLW0689,0,0.5073769023608549,-2.474155698263001,0.03271608210736416
BTN0061,0,0.44559582215332183,-2.0146550835155512,0.015570965496755929
FSB0399,0,0.4242619900029628,-0.983637511544817,0.00014960269702566
NNS0059,0,0.42631926054801994,-0.9814237645226136,0.00015360539991458798
RVC0232,0,0.42908644448738686,-0.986544167724265,0.00014641583652935685
SRS0231,0,0.4329673376809455,-0.8031870345284187,0.00023241441822400565
ADC0391,0,0.40839660026195257,-2.5459983513099065,0.012466369414622584
CCH0685,0,0.4634223250977483,-1.6391791418105939,0.03077056858013204
CAM0681,0,0.4898674982453995,-2.79634915444497,0.038513918055832826
ASG0692,0,0.43200842520358507,-2.225539919013066,0.0014978138706400886
ATP0662,0,0.4959609526676852,-2.5678096316951713,0.04635461700747294
ALH0402,0,0.4276029774087749,-1.015411714493112,0.00013373046667774626
CCC0393,0,0.4259614966061083,-0.9397882085576317,0.00017310490361627533
JLW0053,0,0.4319069980660344,-0.8533843181167811,0.00020692843052988244
WIF0691,0,0.6591171088038654,1.6457511878203643,0.07279637123481089
BTL0226,0,0.4804185218092009,-3.1649888258797745,0.019011949416480753
DZC0228,0,0.4320118779154649,-1.0344581498458307,0.0001211535839109842
XBN0229,0,0.42653828620474776,-0.9315717361771476,0.0001761098322412621
VSA0230,0,0.48753678400523354,-3.371482932680877,0.04778880206369991
GAF0060,0,0.4284116713760766,-1.0107838611053275,0.00013826428840684824
RNL0695,0,0.4653823735256285,-1.6616473781579408,0.03299956039437307
ENC0234,0,0.4212689474849753,-2.5019761687669604,0.008196835453678454
AMR0400,0,0.42727619718539045,-1.020762705792274,0.00013496215857932643
IKR0401,0,0.5462721371366007,-0.7248071118351849,0.06177156006094333
JER0404,0,0.4322175997812987,-0.9620508887588013,0.00014856579254007277
KKC0683,0,0.43338757401573713,-2.249372760842558,0.0015245283104157346
NGO0690,0,0.4653823735256285,-1.674023880743146,0.032008127312017125
JIG0128,0,0.41246396016403963,-1.5182334443721626,0.0001462250298056231
ANM0123,0,0.4791922233215074,-3.0018967290468943,0.030624997032564216
EIP0997,0,0.41246396016403963,-1.5182334443721626,0.0001462250298056231
JJB0127,0,0.41246396016403963,-1.5182334443721626,0.0001462250298056231
TTD1000,0,0.41246396016403963,-1.5182334443721626,0.0001462250298056231
FDE0117,0,0.41246396016403963,-1.5182334443721626,0.0001462250298056231
TDJ0998,0,0.43692608104827124,-2.3792833753369003,0.012028455062666537
SAA0999,0,0.6424121523210531,0.46746532348334924,0.03398531037374044
JKB0126,0,0.41246396016403963,-1.5182334443721626,0.0001462250298056231
TJD0996,0,0.41246396016403963,-1.5182334443721626,0.0001462250298056231
KAC0124,0,0.41246396016403963,-1.5182334443721626,0.0001462250298056231
AES0827,0,0.41246396016403963,-1.5182334443721626,0.0001462250298056231
CHM0821,0,0.5498730670348998,-1.2992507341091795,0.11916239438507463
IHK0841,0,0.41246396016403963,-1.5182334443721626,0.0001462250298056231
ABM0845,0,0.44626058737723784,-2.2521969708568363,0.01342087878616806
AHD0848,0,0.49091270739507065,-3.1345149641691776,0.02327278398087883
FRR0832,0,0.41246396016403963,-1.5182334443721626,0.0001462250298056231
MSG0839,0,0.41246396016403963,-1.5182334443721626,0.0001462250298056231
LJB0826,0,0.41246396016403963,-1.5182334443721626,0.0001462250298056231
ELB0847,0,0.4467139953154268,-2.139445797126104,0.0018710503658071421
NHE0919,0,0.44103552499103954,-2.2717870612054583,0.014857445801546583
CIM0926,0,0.4216298971067031,-1.5845299666481338,0.00019109315109665955
ALC0788,0,0.41246396016403963,-1.5182334443721626,0.0001462250298056231
CRK0916,0,0.4277381736127425,-2.4304628720490307,0.007670864970873994
BMG0917,0,0.6472945518795024,-0.0001416429165921329,0.025896615572573164
ECR0822,0,0.41246396016403963,-1.5182334443721626,0.0001462250298056231
HDH0928,0,0.5611222276046228,-1.241137815300828,0.045079786317369475
ILC0838,0,0.41246396016403963,-1.5182334443721626,0.0001462250298056231
AJC0840,0,0.41246396016403963,-1.5182334443721626,0.0001462250298056231
EHB0824,0,0.6403137719580075,0.3229586100542292,0.0189723652730487
IJR0825,0,0.41246396016403963,-1.5182334443721626,0.0001462250298056231
DCH0843,0,0.6441593634108767,1.7075073949154689,0.11492101002286881
JCR0921,0,0.41246396016403963,-1.5182334443721626,0.0001462250298056231
TSM0927,0,0.41246396016403963,-1.5182334443721626,0.0001462250298056231
HKF0831,0,0.41246396016403963,-1.5182334443721626,0.0001462250298056231
FUM0015,0,0.41246396016403963,-1.5182334443721626,0.0001462250298056231
AAN0823,0,0.41246396016403963,-1.5182334443721626,0.0001462250298056231
LAM0911,0,0.43775089583182325,-2.257387198822972,0.016562820290137212
MNR0829,0,0.41246396016403963,-1.5182334443721626,0.0001462250298056231
FHS0837,0,0.41246396016403963,-1.5182334443721626,0.0001462250298056231
KMB0922,0,0.47529280826923254,-3.203188288482778,0.028500045129254917
AKC0924,0,0.41246396016403963,-1.5182334443721626,0.0001462250298056231
CAN0842,0,0.41246396016403963,-1.5182334443721626,0.0001462250298056231
TRK0914,0,0.41246396016403963,-1.5182334443721626,0.0001462250298056231
IYB0918,0,0.41246396016403963,-1.5182334443721626,0.0001462250298056231
JRF0835,0,0.41246396016403963,-1.5182334443721626,0.0001462250298056231
ADD0846,0,0.41246396016403963,-1.5182334443721626,0.0001462250298056231
IBS0836,0,0.4650767936205264,-3.5067565734575616,0.011965560066951441
WGR0833,0,0.41246396016403963,-1.5182334443721626,0.0001462250298056231
ARB0834,0,0.41246396016403963,-1.5182334443721626,0.0001462250298056231
ECF0828,0,0.41246396016403963,-1.5182334443721626,0.0001462250298056231
XWD0923,0,0.6297444986935646,0.289589003363119,0.10634053597536103
LJT0817,0,0.5132546074387513,-2.7258890365708854,0.04254390479188551
BBH0810,0,0.5041003439797807,-0.6012641052776573,0.00023997401016710666
KCB0815,0,0.4443157502827676,-2.1429359570612547,0.02569048231448262
HSG0818,0,0.44346823344335234,-2.1425662435002675,0.026146948101016455
MBW0809,0,0.5041003439797807,-0.6012641052776573,0.00023997401016710666
SOF0808,0,0.5041003439797807,-0.6012641052776573,0.00023997401016710666
NKH0807,0,0.5041003439797807,-0.6012641052776573,0.00023997401016710666
BJH0811,0,0.5041003439797807,-0.6012641052776573,0.00023997401016710666
BWH0813,0,0.5041003439797807,-0.6012641052776573,0.00023997401016710666
AQD0820,0,0.5041003439797807,-0.6012641052776573,0.00023997401016710666
IWM0816,0,0.44612312407107646,-2.10992710506941,0.026932067214093844
VFM0814,0,0.49830772976646526,-2.998808226899664,0.02866645194542512
LCC0819,0,0.5877995157483656,0.1356442119895398,0.07621014418370466
SGG0787,0,0.4394726352280244,-2.220670780216386,0.024582393622275624
JMW0638,0,0.5177106573143787,0.00018320401382432294,0.001400483503555345
KNW0644,0,0.5177106573143787,0.00018320401382432294,0.001400483503555345
OSH0655,0,0.5177106573143787,0.00018320401382432294,0.001400483503555345
XRS0633,0,0.5112580054814561,0.07419162177222383,0.1294478863350201
HRL0540,0,0.6705286615720115,4.766350887484027,0.5063013878886262
AGB0643,0,0.5177106573143787,0.00018320401382432294,0.001400483503555345
DKB0631,0,0.5177106573143787,0.00018320401382432294,0.001400483503555345
KCO0122,0,0.5174225820619607,-2.3962381046046417,0.05101799064244346
CQW0652,0,0.5856539765189805,0.9285728185279876,0.21434750199363686
GTD0116,0,0.5177106573143787,0.00018320401382432294,0.001400483503555345
HOB0994,0,0.5177106573143787,0.00018320401382432294,0.001400483503555345
LNR0656,0,0.5177106573143787,0.00018320401382432294,0.001400483503555345
YWW0660,0,0.5177106573143787,0.00018320401382432294,0.001400483503555345
KMS0657,0,0.5177106573143787,0.00018320401382432294,0.001400483503555345
LAF0991,0,0.5073798919280086,-0.12826422716536356,0.11861074004531492
AAM0658,0,0.6386003301252906,2.1848663206373757,0.06108744054053163
HCL0651,0,0.5653747585061882,-0.33118262758495476,0.09497711405435813
HRD0635,0,0.5595380127522896,0.37367922780246765,0.12141874898693027
HTF0641,0,0.5177106573143787,0.00018320401382432294,0.001400483503555345
TUC0632,0,0.5177106573143787,0.00018320401382432294,0.001400483503555345
HAV0121,0,0.5177106573143787,0.00018320401382432294,0.001400483503555345
ESA0642,0,0.5177106573143787,0.00018320401382432294,0.001400483503555345
BAM0636,0,0.5177106573143787,0.00018320401382432294,0.001400483503555345
HWH0646,0,0.5127940926455333,0.00027395788188577797,0.12355228516050935
KLM0639,0,0.5177106573143787,0.00018320401382432294,0.001400483503555345
CGB0637,0,0.5857125340126028,0.7722232707408203,0.1213952659689117
UBF0645,0,0.5177106573143787,0.00018320401382432294,0.001400483503555345
ZSB0649,0,0.5177106573143787,0.00018320401382432294,0.001400483503555345
BCM0653,0,0.5177106573143787,0.00018320401382432294,0.001400483503555345
COF0120,0,0.4615940178569992,-1.9906720016400943,0.0015420775579854794
EZT0640,0,0.5828488639789663,2.4377701692214853,0.24944474604799127
GQF0659,0,0.5177106573143787,0.00018320401382432294,0.001400483503555345
RHL0992,0,0.5684175763139456,0.0004251116063525018,0.0977893274308801
TLH0648,0,0.5177106573143787,0.00018320401382432294,0.001400483503555345
AHG0634,0,0.5062298947725961,-0.23886844813846864,0.11027074853407766
DID0650,0,0.5177106573143787,0.00018320401382432294,0.001400483503555345
BRM0995,0,0.6749710193178576,5.053302891135171,0.5816294421854263
TLK0993,0,0.5177106573143787,0.00018320401382432294,0.001400483503555345
VLB0647,0,0.5177106573143787,0.00018320401382432294,0.001400483503555345
BAJ0654,0,0.705843377117209,8.338930492136113,0.26522059130972186
