user,mean_login_hour,mean_logout_hour,files_per_day,usb_per_day,emails_per_day,out_of_session_access,degree_centrality,betweenness_centrality,keyword_flag,subject_len,sentiment,is_red_team
LRR0148,8.819262782401902,13.01783590963139,3.54296875,2.118279569892473,0,0,,,,,,0
NOB0181,9.290322580645162,14.207075962539022,5.389240506329114,1.527536231884058,0,0,,,,,,0
IKP0472,9.916338582677165,14.27263779527559,3.56140350877193,1.563253012048193,0,0,,,,,,0
IRM0931,9.436500470366886,12.869238005644403,6.882175226586103,1.5119760479041915,0,0,,,,,,0
WPR0368,10.680691642651295,12.773487031700288,,0.0,0,0,,,,,,0
AJR0319,9.172413793103448,12.863300492610838,,0.0,0,0,,,,,,0
JCR0172,9.145228215767634,12.914246196403871,3.8666666666666663,1.2686567164179106,0,0,,,,,,0
HVB0037,7.0,15.017369727047146,,0.0,0,0,,,,,,0
ABC0174,9.151969981238274,12.844277673545966,3.149732620320856,2.276595744680851,0,0,,,,,,0
NWK0215,9.41617819460727,12.642438452520516,,0.0,0,0,,,,,,0
ESJ0670,7.916504854368932,15.250485436893204,22.46938775510204,1.2585034013605445,0,0,,,,,,0
FOB0756,10.326754385964913,13.591008771929824,3.0555555555555554,1.183206106870229,0,0,,,,,,0
SSJ0784,10.201541850220265,13.07488986784141,,0.0,0,0,,,,,,0
JKJ0698,7.174097664543525,15.636942675159236,,0.0,0,0,,,,,,0
CJM0521,8.519396551724139,16.53448275862069,,0.0,0,0,,,,,,0
HAD0246,9.811843361986629,13.105062082139446,3.088235294117647,1.1888888888888889,0,0,,,,,,0
BQS0525,9.178571428571429,16.285714285714285,2.590909090909091,8.020408163265307,0,0,,,,,,0
BRS0734,7.481818181818181,16.59090909090909,24.6,1.7066666666666668,0,0,,,,,,0
NGF0157,8.739622641509435,12.935849056603772,3.588235294117647,1.2118644067796611,0,0,,,,,,0
BDI0533,10.59860788863109,14.279582366589327,6.145,2.1900237529691213,0,0,,,,,,0
HLH0512,8.590818363273453,16.576846307385228,,0.0,0,0,,,,,,0
BRB0355,10.827186512118018,14.120126448893572,3.029787234042553,2.133016627078385,0,0,,,,,,0
HPH0075,9.553398058252426,13.948682385575587,23.07673267326733,7.871287128712871,0,0,,,,,,0
RZC0746,9.709189189189187,13.835675675675676,,0.0,0,0,,,,,,0
IIW0249,7.917241379310345,15.76551724137931,2.8154761904761907,8.631713554987213,0,0,,,,,,0
MOH0273,7.0,17.0,23.206982543640898,7.867830423940149,0,0,,,,,,0
NAH0503,8.683870967741935,16.02795698924731,,0.0,0,0,,,,,,0
AHC0142,9.117880794701987,13.67682119205298,,0.0,0,0,,,,,,0
FKK0055,10.094626168224298,14.342289719626168,4.732283464566929,1.2027972027972027,0,0,,,,,,0
ATE0869,9.256921373200443,13.890365448504983,3.81021897810219,1.25,0,0,,,,,,0
RRC0553,9.437037037037037,14.422222222222222,24.85185185185185,1.5,0,0,,,,,,0
JKF0465,7.535714285714286,17.566666666666666,,0.0,0,0,,,,,,0
SMH0291,10.77742946708464,14.763845350052248,,0.0,0,0,,,,,,0
HSB0196,8.080971659919028,17.497975708502025,24.477894736842103,8.010526315789473,0,0,,,,,,0
DAR0885,10.189655172413794,15.29310344827586,,0.0,0,0,,,,,,0
MHH0180,8.91958762886598,14.4659793814433,,0.0,0,0,,,,,,0
ALB0892,9.0,18.0,,0.0,0,0,,,,,,0
LAP0338,8.953089244851258,14.472540045766593,,0.0,0,0,,,,,,0
CTR0341,9.209839357429718,13.565261044176706,,0.0,0,0,,,,,,0
YIC0195,10.388429752066116,14.694214876033058,,0.0,0,0,,,,,,0
JHP0583,10.40797186400938,14.314185228604924,4.659824046920821,2.1443569553805775,0,0,,,,,,0
IAR0694,11.052570093457945,15.235981308411215,,0.0,0,0,,,,,,0
AMW0392,9.522388059701491,15.16542288557214,,0.0,0,0,,,,,,0
AOK0844,10.328418230563004,15.301608579088471,5.100386100386101,1.4854014598540146,0,0,,,,,,0
JDC0030,10.223713646532438,15.436241610738255,5.2846715328467155,1.2837837837837838,0,0,,,,,,0
RAW0915,10.255905511811024,15.4251968503937,2.9612903225806453,1.5422535211267605,0,0,,,,,,0
HDD0806,10.333333333333334,15.972314507198227,,0.0,0,0,,,,,,0
BSS0369,10.7993762993763,12.923076923076923,10.291479820627805,11.512605042016808,0,0,,,,,,0
LBF0214,9.495566502463054,12.19408866995074,4.646616541353383,1.5342019543973942,0,0,,,,,,0
NAF0326,9.310133060388946,12.526100307062435,6.115,2.179176755447942,0,0,,,,,,0
DLM0051,8.664719626168225,12.744158878504672,24.479357798165136,8.658256880733944,0,0,,,,,,0
MLM0950,9.05952380952381,13.002380952380951,7.148051948051948,2.1739130434782608,0,0,,,,,,0
LBH0942,8.942612942612943,13.324786324786324,24.037527593818982,8.6158940397351,0,0,,,,,,0
CMB0912,9.074418604651164,13.001162790697675,,0.0,0,0,,,,,,0
SBN0971,7.0,16.0,4.579365079365079,1.2394366197183098,0,0,,,,,,0
IIL0513,8.530751708428246,16.517084282460136,,0.0,0,0,,,,,,0
EHB0420,10.082744702320888,13.608476286579211,,0.0,0,0,,,,,,0
MAD0496,8.0,17.0,,0.0,0,0,,,,,,0
OBH0499,10.10915104740904,13.759647188533627,2.7247706422018347,8.59860788863109,0,0,,,,,,0
QOS0878,9.649193548387096,13.673387096774194,2.5918367346938775,2.1926605504587156,0,0,,,,,,0
TDS0984,9.375598086124402,13.885167464114833,23.788732394366196,1.2253521126760565,0,0,,,,,,0
LDD0560,9.06,15.76,,0.0,0,0,,,,,,0
DRR0242,7.520361990950226,17.52262443438914,,0.0,0,0,,,,,,0
WIQ0567,10.578947368421051,14.954887218045112,6.908127208480566,1.5226480836236933,0,0,,,,,,0
RAM0447,9.583126550868489,14.496277915632756,,0.0,0,0,,,,,,0
NMS0280,9.288546255506608,17.940528634361232,3.647727272727273,1.25,0,0,,,,,,0
BVC0790,11.015625,14.439583333333331,3.679245283018868,2.1703703703703705,0,0,,,,,,0
MCF0600,8.785714285714286,16.711038961038962,25.5,6.0,0,0,,,,,,0
MDH0686,10.588165680473372,15.47455621301775,,0.0,0,0,,,,,,0
NGC0058,8.284552845528456,17.977642276422763,2.816901408450704,1.1824324324324325,0,0,,,,,,0
MCD0125,10.5,15.302197802197805,8.037037037037036,1.2222222222222223,0,0,,,,,,0
PTH0830,8.0,19.0,,0.0,0,0,,,,,,0
JAJ0849,10.373480662983424,14.87513812154696,,0.0,0,0,,,,,,0
JGT0221,10.704778156996587,12.735494880546074,1.0,2.0,0,0,,,,,,0
MVH0373,10.45748987854251,12.720647773279351,,0.0,0,0,,,,,,0
JTM0223,10.573529411764708,12.0,1.0,2.0,0,0,,,,,,0
MOS0047,11.12290502793296,12.574301675977654,9.71341463414634,5.045454545454546,0,0,,,,,,0
TSM0363,10.880458124552613,12.987115246957767,,0.0,0,0,,,,,,0
QNP0216,10.76048329779673,12.868514570007108,,0.0,0,0,,,,,,0
UIR0043,10.812587412587412,12.88951048951049,,0.0,0,0,,,,,,0
JRS0362,10.9164265129683,13.040345821325648,,0.0,0,0,,,,,,0
CBB0365,10.96075085324232,12.431171786120592,,0.0,0,0,,,,,,0
JAV0361,10.765895953757225,12.879335260115608,,0.0,0,0,,,,,,0
LBC0356,10.968110709987966,12.484957882069796,,0.0,0,0,,,,,,0
KRV0372,10.926241134751772,12.994326241134752,,0.0,0,0,,,,,,0
KCF0045,10.344604316546762,12.461870503597122,,0.0,0,0,,,,,,0
CSC0217,10.419700214132762,12.483940042826552,1.0,2.0,0,0,,,,,,0
EIS0041,10.87778446718844,12.404575556893436,11.66984126984127,3.8236994219653178,0,0,,,,,,0
ACC0042,10.604992657856094,12.75697503671072,,0.0,0,0,,,,,,0
MPM0220,10.914285714285716,12.136405529953915,30.96759259259259,11.546296296296296,0,0,,,,,,0
SAK0375,11.376237623762377,13.45968882602546,,0.0,0,0,,,,,,0
GTD0219,10.593877551020409,12.636734693877552,11.54054054054054,4.059322033898305,0,0,,,,,,0
KSP0357,10.884656084656084,13.004232804232805,,0.0,0,0,,,,,,0
MSH0040,10.41809523809524,12.487619047619049,,0.0,0,0,,,,,,0
BAL0044,10.769455822118198,12.18022235225278,10.069444444444445,3.294460641399417,0,0,,,,,,0
JLM0364,10.58523592085236,12.753424657534246,1.0,2.0,0,0,,,,,,0
DFR0218,10.92262343404569,13.079587324981578,,0.0,0,0,,,,,,0
DMG0358,11.036253776435045,12.572809667673717,,0.0,0,0,,,,,,0
CCA0046,10.582089552238806,12.711442786069652,9.480225988700566,3.79,0,0,,,,,,0
HWY0038,11.097995545657016,13.160356347438752,,0.0,0,0,,,,,,0
AJF0370,11.25436128306134,12.789532920652784,29.632707774798927,11.423592493297589,0,0,,,,,,0
MSO0222,10.413684210526316,12.558947368421052,1.0,2.0,0,0,,,,,,0
JCC0225,10.690181818181818,12.811636363636364,,0.0,0,0,,,,,,0
GKO0078,9.376344086021506,13.529569892473118,4.401869158878505,1.5316455696202531,0,0,,,,,,0
SRH0155,9.057951482479783,13.181940700808624,,0.0,0,0,,,,,,0
TVS0050,9.35483870967742,11.919354838709678,,0.0,0,0,,,,,,0
CFG0959,7.954233409610984,15.132723112128147,,0.0,0,0,,,,,,0
CWB0065,9.143638850889191,12.419972640218878,,0.0,0,0,,,,,,0
NKH0979,9.170360110803324,12.430747922437671,,0.0,0,0,,,,,,0
MNC0717,9.475524475524477,13.17902097902098,,0.0,0,0,,,,,,0
RSM0277,9.278378378378378,13.463513513513512,3.221311475409836,1.6307053941908711,0,0,,,,,,0
JAD0609,8.490867579908675,15.69634703196347,,0.0,0,0,,,,,,0
ETR0428,8.30695443645084,15.851318944844124,,0.0,0,0,,,,,,0
DIW0118,9.274695534506089,12.991880920162382,4.6761565836298935,2.1410658307210033,0,0,,,,,,0
IJM0444,9.85,13.395945945945948,7.634854771784233,1.516260162601626,0,0,,,,,,0
MPT0376,9.720708446866483,13.130790190735697,4.602620087336245,1.55893536121673,0,0,,,,,,0
KPR0497,10.163734776725304,13.924221921515562,,0.0,0,0,,,,,,0
QJR0688,9.865424430641822,17.401656314699792,4.68859649122807,1.56640625,0,0,,,,,,0
ILJ0526,10.888068880688808,14.296432964329645,5.19327731092437,1.50597609561753,0,0,,,,,,0
DIB0081,10.008823529411766,13.802941176470588,9.813664596273291,3.080745341614907,0,0,,,,,,0
JCG0316,9.38283378746594,12.583106267029972,6.86031746031746,2.191823899371069,0,0,,,,,,0
JJH0613,9.827004219409282,13.652601969057663,5.096273291925466,3.040579710144927,0,0,,,,,,0
CSP0197,10.271870794078062,14.433378196500673,,0.0,0,0,,,,,,0
JMK0099,9.39047619047619,13.612244897959185,5.842105263157895,1.3689320388349515,0,0,,,,,,0
DPM0423,8.805251641137856,16.485776805251643,4.708053691275167,3.107871720116618,0,0,,,,,,0
UFK0208,9.355113636363637,12.693181818181818,,0.0,0,0,,,,,,0
SJO0209,9.447543160690572,12.620185922974768,3.9574468085106385,1.1666666666666667,0,0,,,,,,0
RAB0589,10.435185185185183,14.333333333333334,2.0,1.3333333333333333,0,0,,,,,,0
RHO0732,10.238622386223865,12.981549815498155,3.6228813559322033,2.123076923076923,0,0,,,,,,0
HWW0436,10.04026845637584,13.512751677852348,4.494584837545126,2.062111801242236,0,0,,,,,,0
SVS0871,9.7289972899729,13.784552845528456,,0.0,0,0,,,,,,0
DVM0265,7.321608040201005,14.29145728643216,,0.0,0,0,,,,,,0
JMC0925,10.3196405648267,14.268292682926829,,0.0,0,0,,,,,,0
CPG0322,8.059642147117296,13.646123260437376,3.744444444444445,1.1517857142857142,0,0,,,,,,0
BBS0039,10.481146304675717,12.515837104072398,1.0,2.0,0,0,,,,,,0
PMJ0564,10.888140161725069,14.342318059299192,,0.0,0,0,,,,,,0
AJN0607,9.855755894590846,13.667128987517335,3.51931330472103,3.002906976744186,0,0,,,,,,0
BWP0202,9.514321295143214,12.834371108343712,6.333333333333333,1.2524271844660195,0,0,,,,,,0
MJM0510,10.875,14.17445054945055,,0.0,0,0,,,,,,0
PBP0002,7.563583815028902,14.566473988439306,,0.0,0,0,,,,,,0
MSS0001,9.48371335504886,12.897394136807817,,0.0,0,0,,,,,,0
BSB0990,7.0,15.0,,0.0,0,0,,,,,,0
KRL0062,7.0,15.0,,0.0,0,0,,,,,,0
RGG0064,9.00498753117207,12.75561097256858,12.0,1.5,0,0,,,,,,0
TEM0093,7.0,15.0,,0.0,0,0,,,,,,0
AMD0077,7.0,15.0,,0.0,0,0,,,,,,0
USH0199,7.0,14.934097421203438,2.84,1.3333333333333333,0,0,,,,,,0
FAW0032,7.245762711864407,15.073446327683616,,0.0,0,0,,,,,,0
HCM0267,7.0,15.0,23.604046242774565,8.624277456647398,0,0,,,,,,0
SGM0021,9.12,12.8208,7.568513119533527,3.0028901734104045,0,0,,,,,,0
KTG0091,7.0,15.0,,0.0,0,0,,,,,,0
CJK0200,7.0,15.0,,0.0,0,0,,,,,,0
RSC0089,9.628220858895704,12.719018404907976,3.634453781512605,7.934246575342466,0,0,,,,,,0
YDN0198,8.987138263665594,12.741157556270096,,0.0,0,0,,,,,,0
IAT0263,7.0,15.0,,0.0,0,0,,,,,,0
MNS0224,10.518046709129512,12.617126680820949,,0.0,0,0,,,,,,0
CFW0264,7.0,15.0,,0.0,0,0,,,,,,0
KNB0022,7.0,15.0,,0.0,0,0,,,,,,0
LDB0090,7.0,15.0,,0.0,0,0,,,,,,0
SJF0094,7.0,15.0,,0.0,0,0,,,,,,0
FRB0023,7.0,15.0,,0.0,0,0,,,,,,0
LMF0980,9.006493506493506,12.795454545454543,,0.0,0,0,,,,,,0
RMS0266,7.0,15.0,,0.0,0,0,,,,,,0
BTS0011,7.0,15.0,,0.0,0,0,,,,,,0
EWH0191,9.021207177814029,12.807504078303426,,0.0,0,0,,,,,,0
IIA0092,7.0,15.0,,0.0,0,0,,,,,,0
SJC0333,8.227571115973742,16.61706783369803,,0.0,0,0,,,,,,0
AKW0167,7.0,15.040462427745664,,0.0,0,0,,,,,,0
MSZ0310,7.0,15.046242774566474,,0.0,0,0,,,,,,0
MBJ0312,9.205607476635514,12.80373831775701,3.816479400749064,2.991279069767442,0,0,,,,,,0
KCS0173,9.302189781021898,12.693430656934307,2.736842105263158,1.5,0,0,,,,,,0
ARL0034,7.0,15.02601156069364,,0.0,0,0,,,,,,0
HKI0171,7.0,15.034782608695652,,0.0,0,0,,,,,,0
IMG0320,7.0,15.046242774566474,,0.0,0,0,,,,,,0
JRG0207,7.156794425087108,14.895470383275262,9.0,4.6,0,0,,,,,,0
MCS0035,7.0,15.02601156069364,,0.0,0,0,,,,,,0
WBC0315,7.0,15.040462427745664,,0.0,0,0,,,,,,0
RTO0313,9.477839335180056,12.160664819944598,,0.0,0,0,,,,,,0
CEB0210,7.0,15.02601156069364,,0.0,0,0,,,,,,0
EMS0317,7.0,15.020231213872831,,0.0,0,0,,,,,,0
AJH0175,8.019753086419753,13.664197530864197,3.2777777777777777,1.3032786885245902,0,0,,,,,,0
BER0314,7.0,15.023121387283236,,0.0,0,0,,,,,,0
IDO0176,7.0,15.031791907514451,,0.0,0,0,,,,,,0
SDO0170,9.052718286655685,12.887973640856671,,0.0,0,0,,,,,,0
KBP0008,8.91268758526603,12.65211459754434,,0.0,0,0,,,,,,0
JDB0169,9.170967741935485,12.890322580645162,22.517341040462423,7.927745664739884,0,0,,,,,,0
MAW0166,7.0,15.02601156069364,,0.0,0,0,,,,,,0
NAF0033,7.0,15.02906976744186,,0.0,0,0,,,,,,0
BBG0325,9.188180404354588,12.776049766718508,3.1160714285714284,1.5081967213114753,0,0,,,,,,0
TQS0212,7.019886363636363,14.903409090909092,,0.0,0,0,,,,,,0
AMV0036,7.0,15.02601156069364,,0.0,0,0,,,,,,0
AMR0318,9.260530421216847,12.69578783151326,3.108108108108108,1.247787610619469,0,0,,,,,,0
BDV0168,7.094117647058823,14.93529411764706,18.0,4.0,0,0,,,,,,0
LOF0311,7.0,15.031791907514451,,0.0,0,0,,,,,,0
ASS0206,7.0,15.02601156069364,,0.0,0,0,,,,,,0
COM0321,7.0,15.034682080924856,,0.0,0,0,,,,,,0
MCF0327,7.0,15.034682080924856,,0.0,0,0,,,,,,0
RNP0211,9.1984,12.872,7.690962099125365,3.128279883381924,0,0,,,,,,0
TVS0006,10.157142857142857,13.31904761904762,,0.0,0,0,,,,,,0
CCW0031,7.0,15.023121387283236,,0.0,0,0,,,,,,0
GRC0145,8.0,15.031791907514451,,0.0,0,0,,,,,,0
MCJ0324,7.0,15.034682080924856,,0.0,0,0,,,,,,0
LHL0309,7.0,15.017341040462428,,0.0,0,0,,,,,,0
SED0886,11.181058495821729,14.649025069637885,,0.0,0,0,,,,,,0
FLM0213,7.0,15.046376811594202,,0.0,0,0,,,,,,0
PEV0323,9.341107871720116,12.441690962099123,,0.0,0,0,,,,,,0
JMB0308,7.089171974522293,14.847133757961783,10.0,2.0,0,0,,,,,,0
KBB0189,6.523121387283237,15.554913294797688,,0.0,0,0,,,,,,0
JPA0667,7.502890173410405,15.627167630057803,,0.0,0,0,,,,,,0
LIM0674,9.804878048780488,12.940379403794038,3.0327868852459017,1.2788461538461535,0,0,,,,,,0
SEJ0677,7.556818181818182,15.607954545454543,,0.0,0,0,,,,,,0
HTH0007,8.460032626427406,12.934747145187602,,0.0,0,0,,,,,,0
TSR0676,9.51534733441034,13.35864297253635,3.224242424242424,2.17629179331307,0,0,,,,,,0
DLF0377,7.523121387283237,15.563583815028904,,0.0,0,0,,,,,,0
KNG0672,7.5215946843853825,15.611295681063122,,0.0,0,0,,,,,,0
MLP0668,7.526011560693641,15.508670520231211,,0.0,0,0,,,,,,0
DAL0673,9.57074721780604,13.3275039745628,2.983050847457627,1.5324074074074074,0,0,,,,,,0
ASL0378,9.61451612903226,13.396774193548389,,0.0,0,0,,,,,,0
BLS0678,9.612021857923498,13.31967213114754,5.0,1.3333333333333333,0,0,,,,,,0
DBB0384,7.497109826589595,15.641618497109826,24.690751445086704,8.601156069364162,0,0,,,,,,0
JAM0382,7.5491329479768785,15.502890173410403,,0.0,0,0,,,,,,0
ORM0669,8.32183908045977,14.816091954022989,,0.0,0,0,,,,,,0
SIJ0661,7.554913294797688,15.523121387283236,,0.0,0,0,,,,,,0
BCB0679,9.731369150779896,13.110918544194108,,0.0,0,0,,,,,,0
AJD0074,8.710666666666667,12.806666666666668,4.8584905660377355,1.271186440677966,0,0,,,,,,0
CAS0507,10.858503401360544,14.02312925170068,25.362903225806452,1.5362903225806452,0,0,,,,,,0
AIH0675,7.531791907514451,15.58670520231214,,0.0,0,0,,,,,,0
VTT0385,7.680738786279683,15.026385224274406,2.638709677419355,7.927745664739884,0,0,,,,,,0
ILH0958,9.149253731343284,12.880597014925373,24.95798319327731,1.2605042016806722,0,0,,,,,,0
CKD0680,7.540462427745664,16.0,,0.0,0,0,,,,,,0
EBC0390,7.5606936416184976,15.604046242774569,,0.0,0,0,,,,,,0
RJM0381,7.785714285714286,15.612637362637363,,0.0,0,0,,,,,,0
GJT0386,7.540462427745664,15.534682080924856,,0.0,0,0,,,,,,0
IBM0671,9.499192245557351,13.390953150242328,7.035087719298246,1.2608695652173914,0,0,,,,,,0
DLS0383,9.472636815920398,13.401326699834163,,0.0,0,0,,,,,,0
KRG0158,6.514450867052023,15.61271676300578,,0.0,0,0,,,,,,0
RFP0380,7.5491329479768785,15.604046242774569,,0.0,0,0,,,,,,0
WTF0387,7.554913294797688,15.534682080924856,,0.0,0,0,,,,,,0
KDS0349,7.520231213872832,15.554913294797688,,0.0,0,0,,,,,,0
CAB0388,9.514754098360656,13.3672131147541,,0.0,0,0,,,,,,0
JTS0389,8.28368794326241,14.89598108747045,4.131868131868132,1.2035398230088497,0,0,,,,,,0
SOB0360,10.68314606741573,12.83932584269663,,0.0,0,0,,,,,,0
NCO0666,9.554662379421222,13.42282958199357,,0.0,0,0,,,,,,0
AIB0948,8.954116059379217,12.672064777327936,5.3152866242038215,8.641618497109826,0,0,,,,,,0
DTP0379,9.677611940298508,13.26865671641791,,0.0,0,0,,,,,,0
SNS0129,7.0,16.0,,0.0,0,0,,,,,,0
CJP0952,9.096477794793262,13.232771822358346,,0.0,0,0,,,,,,0
KJP0371,10.96987087517934,13.074605451936872,,0.0,0,0,,,,,,0
MMG0943,7.516129032258065,14.24516129032258,,0.0,0,0,,,,,,0
HDS0367,11.05619335347432,12.593353474320242,10.71069182389937,4.0,0,0,,,,,,0
HXL0968,7.0,16.0,3.267123287671233,2.351758793969849,0,0,,,,,,0
MSD0939,7.0,16.0,,0.0,0,0,,,,,,0
HLM0933,7.0,16.0,,0.0,0,0,,,,,,0
ECL0930,8.985413290113453,13.371150729335495,,0.0,0,0,,,,,,0
BAK0964,7.0,16.0,,0.0,0,0,,,,,,0
DRR0162,7.0,16.0,3.167664670658682,2.3686440677966103,0,0,,,,,,0
BNR0965,8.915584415584416,13.34577922077922,,0.0,0,0,,,,,,0
JGM0934,8.907051282051283,13.280448717948715,,0.0,0,0,,,,,,0
KSP0966,7.0,16.0,,0.0,0,0,,,,,,0
VEB0935,7.0,16.0,,0.0,0,0,,,,,,0
SVL0940,7.0,16.0,,0.0,0,0,,,,,,0
NIH0969,8.926634768740032,13.279106858054227,,0.0,0,0,,,,,,0
MKL0941,7.0,16.0,,0.0,0,0,,,,,,0
LHB0967,7.0,16.0,,0.0,0,0,,,,,,0
ELH0960,7.0,16.0,,0.0,0,0,,,,,,0
DJB0159,9.014040561622464,13.257410296411855,,0.0,0,0,,,,,,0
AJR0932,7.100502512562814,15.839195979899497,23.5,6.333333333333333,0,0,,,,,,0
ASV0946,8.922950819672131,13.355737704918033,,0.0,0,0,,,,,,0
GCC0945,7.0,16.0,,0.0,0,0,,,,,,0
LRW0970,7.0,16.0,,0.0,0,0,,,,,,0
BLL0929,7.0,16.0,,0.0,0,0,,,,,,0
FBA0348,8.063218390804598,16.020114942528735,,0.0,0,0,,,,,,0
WDD0366,11.015172413793104,12.555172413793104,3.0,1.5,0,0,,,,,,0
TNM0961,8.88888888888889,12.89727463312369,3.530201342281879,2.205357142857143,0,0,,,,,,0
SBD0913,7.0,16.0,,0.0,0,0,,,,,,0
ICS0956,7.0,16.0,,0.0,0,0,,,,,,0
MAR0955,7.043046357615894,15.804635761589404,23.0,3.5,0,0,,,,,,0
GCG0951,8.989329268292684,13.163109756097562,,0.0,0,0,,,,,,0
CAH0936,9.03954802259887,12.903954802259888,10.5,2.6,0,0,,,,,,0
IBB0359,11.180787589498806,12.622315035799522,9.753048780487806,11.372832369942197,0,0,,,,,,0
OHC0973,7.0,16.0,,0.0,0,0,,,,,,0
CSL0949,7.0,16.0,,0.0,0,0,,,,,,0
AVM0947,7.101333333333334,15.416,22.25722543352601,8.664739884393063,0,0,,,,,,0
TDG0962,9.275769745649264,13.02677376171352,,0.0,0,0,,,,,,0
BKW0374,10.622974963181148,12.770250368188512,,0.0,0,0,,,,,,0
DHM0937,7.0,16.0,,0.0,0,0,,,,,,0
FXF0957,7.0,16.0,,0.0,0,0,,,,,,0
NMB0972,7.0,16.0,,0.0,0,0,,,,,,0
GNZ0953,8.905844155844155,13.310064935064934,,0.0,0,0,,,,,,0
FKB0163,7.0,16.0,,0.0,0,0,,,,,,0
FPC0954,7.0,16.0,,0.0,0,0,,,,,,0
OMM0944,7.0,16.0,,0.0,0,0,,,,,,0
BHC0665,9.08855291576674,15.1036717062635,,0.0,0,0,,,,,,0
CHG0146,8.0,16.0,,0.0,0,0,,,,,,0
ELT0769,8.0,16.0,,0.0,0,0,,,,,,0
RKF0164,7.0,16.0,,0.0,0,0,,,,,,0
RRA0938,8.842105263157896,13.345394736842104,,0.0,0,0,,,,,,0
SLP0762,8.0,16.0,,0.0,0,0,,,,,,0
WRM0963,8.972222222222221,13.191358024691358,,0.0,0,0,,,,,,0
SAB0781,10.054662379421222,13.805466237942122,6.080168776371308,1.506122448979592,0,0,,,,,,0
RNF0765,8.0,16.0,,0.0,0,0,,,,,,0
AWM0764,8.0,16.0,,0.0,0,0,,,,,,0
NRO0768,8.0,16.0,,0.0,0,0,,,,,,0
BTW0005,8.09656652360515,14.802575107296136,,0.0,0,0,,,,,,0
MOP0763,8.0,16.0,,0.0,0,0,,,,,,0
NMF0780,8.0,16.0,,0.0,0,0,,,,,,0
IJM0776,8.0,16.0,3.276190476190476,2.229299363057325,0,0,,,,,,0
RIH0777,8.0,16.0,,0.0,0,0,,,,,,0
AKH0758,8.0,16.0,,0.0,0,0,,,,,,0
PNH0761,8.52183908045977,14.542528735632184,23.4,1.3444444444444446,0,0,,,,,,0
RDM0115,7.0,16.0,,0.0,0,0,,,,,,0
JSA0775,8.0,16.0,,0.0,0,0,,,,,,0
JFC0757,8.0,16.0,,0.0,0,0,,,,,,0
EMW0772,8.18005540166205,15.86426592797784,2.742424242424242,1.1711711711711712,0,0,,,,,,0
PAD0773,10.250716332378223,13.630372492836676,25.32673267326733,1.2277227722772277,0,0,,,,,,0
CLB0774,8.57311320754717,14.141509433962264,20.942196531791907,8.635838150289016,0,0,,,,,,0
TYB0779,10.027597402597404,13.857142857142858,,0.0,0,0,,,,,,0
SKG0759,8.0,16.0,,0.0,0,0,,,,,,0
DEB0782,8.0,16.0,,0.0,0,0,,,,,,0
RCP0785,8.0,16.0,,0.0,0,0,,,,,,0
CMW0783,8.0,16.0,,0.0,0,0,,,,,,0
HAH0760,9.996726677577742,13.81669394435352,6.109324758842444,2.1289308176100628,0,0,,,,,,0
JCR0770,8.0,16.0,,0.0,0,0,,,,,,0
CFM0767,10.23900293255132,13.2683284457478,3.909547738693467,1.4705882352941178,0,0,,,,,,0
NMG0766,8.0,16.0,,0.0,0,0,,,,,,0
UAD0771,10.180834621329211,13.772797527047912,6.120915032679738,2.1415384615384614,0,0,,,,,,0
AKF0709,7.0,16.020231213872833,,0.0,0,0,,,,,,0
JJB0700,7.280323450134771,15.722371967654986,,0.0,0,0,,,,,,0
LHN0151,8.0,16.0,,0.0,0,0,,,,,,0
MAH0149,9.993558776167472,13.8341384863124,,0.0,0,0,,,,,,0
QSV0778,8.0,16.0,,0.0,0,0,,,,,,0
RDM0150,8.0,16.0,,0.0,0,0,,,,,,0
RYB0718,7.0,16.026011560693643,,0.0,0,0,,,,,,0
PES0085,9.112377850162868,13.431596091205211,,0.0,0,0,,,,,,0
YJV0699,7.0,16.020231213872833,,0.0,0,0,,,,,,0
RAR0725,7.0,16.023391812865498,3.0869565217391304,2.1481481481481484,0,0,,,,,,0
MCT0720,7.0,16.040462427745666,,0.0,0,0,,,,,,0
BTL0722,7.0,16.03757225433526,,0.0,0,0,,,,,,0
RJB0088,7.0,16.028901734104046,,0.0,0,0,,,,,,0
GDF0704,9.297045101088647,13.3950233281493,,0.0,0,0,,,,,,0
PDH0716,9.30568356374808,13.368663594470046,5.612377850162867,2.076687116564417,0,0,,,,,,0
RLB0719,7.076923076923077,15.601648351648352,,0.0,0,0,,,,,,0
ABH0663,7.0,16.034682080924856,,0.0,0,0,,,,,,0
DPS0262,7.62992125984252,14.83464566929134,,0.0,0,0,,,,,,0
NJC0705,7.0,16.026011560693643,,0.0,0,0,,,,,,0
MIL0255,7.0,16.020231213872833,,0.0,0,0,,,,,,0
MIM0712,7.0,16.040462427745666,,0.0,0,0,,,,,,0
DTT0076,7.0,16.04335260115607,,0.0,0,0,,,,,,0
AJP0723,7.0,16.03757225433526,,0.0,0,0,,,,,,0
HMW0713,7.0,16.03179190751445,,0.0,0,0,,,,,,0
LOM0086,9.129411764705882,13.44313725490196,4.171428571428572,2.2,0,0,,,,,,0
PDW0259,9.122511485451762,13.208269525267994,,0.0,0,0,,,,,,0
ZSK0258,7.0,16.03179190751445,,0.0,0,0,,,,,,0
AAL0706,7.0,16.020231213872833,,0.0,0,0,,,,,,0
EDB0714,7.0,16.02892561983471,3.35031847133758,2.3260869565217392,0,0,,,,,,0
NBH0256,7.0,16.026011560693643,,0.0,0,0,,,,,,0
WAS0254,9.111831442463531,13.437601296596434,,0.0,0,0,,,,,,0
CQH0701,9.103727714748784,13.431118314424635,3.4714285714285715,1.256880733944954,0,0,,,,,,0
CJH0702,7.0,16.03757225433526,,0.0,0,0,,,,,,0
ABC0253,9.144246353322528,13.450567260940032,,0.0,0,0,,,,,,0
DMK0257,9.204195804195804,12.492307692307692,5.081355932203389,2.12,0,0,,,,,,0
PLH0715,7.0,16.03179190751445,,0.0,0,0,,,,,,0
CLH0703,7.0,16.023121387283236,,0.0,0,0,,,,,,0
IBB0696,9.232339089481949,13.364207221350078,3.959839357429719,2.1784615384615384,0,0,,,,,,0
KQC0708,7.0,16.014450867052023,,0.0,0,0,,,,,,0
MBR0724,7.0,16.020231213872833,,0.0,0,0,,,,,,0
VAA0087,9.371924746743847,13.230101302460202,,0.0,0,0,,,,,,0
DBG0261,7.0,16.04335260115607,,0.0,0,0,,,,,,0
FWM0707,7.286096256684492,15.655080213903744,,0.0,0,0,,,,,,0
BJW0619,7.572254335260116,16.621387283236995,,0.0,0,0,,,,,,0
CKP0721,7.0,16.04335260115607,,0.0,0,0,,,,,,0
CTR0697,9.117455138662317,13.404567699836868,,0.0,0,0,,,,,,0
KBL0260,7.0,16.023121387283236,,0.0,0,0,,,,,,0
MKG0711,7.0,16.028901734104046,,0.0,0,0,,,,,,0
PIS0522,10.696531791907514,14.121387283236997,,0.0,0,0,,,,,,0
WGS0516,8.540462427745664,16.517341040462426,,0.0,0,0,,,,,,0
XLB0710,7.0,16.034682080924856,,0.0,0,0,,,,,,0
TSB0437,7.528901734104046,16.569364161849713,,0.0,0,0,,,,,,0
BMT0528,8.741935483870968,16.204301075268816,6.060509554140127,2.200617283950617,0,0,,,,,,0
CNE0352,7.497109826589595,16.53179190751445,,0.0,0,0,,,,,,0
LJR0523,8.447058823529412,16.223529411764705,3.0,1.2,0,0,,,,,,0
ALD0529,10.570739549839228,14.356913183279742,,0.0,0,0,,,,,,0
BIH0745,7.662162162162162,16.425675675675677,13.666666666666666,2.75,0,0,,,,,,0
GMF0738,7.517341040462428,16.59826589595376,,0.0,0,0,,,,,,0
HDL0748,7.563583815028902,16.502890173410403,,0.0,0,0,,,,,,0
JBD0616,9.653125,13.8453125,2.6692913385826773,8.644508670520231,0,0,,,,,,0
JPW0741,7.528901734104046,16.609826589595375,,0.0,0,0,,,,,,0
ONW0083,7.546242774566474,16.54335260115607,,0.0,0,0,,,,,,0
MKW0441,9.542372881355933,13.694915254237287,2.751633986928105,2.140672782874618,0,0,,,,,,0
HJB0742,9.544843049327357,13.67488789237668,2.5,1.5,0,0,,,,,,0
AAS0442,9.36046511627907,13.883720930232558,,0.0,0,0,,,,,,0
DGM0754,7.586206896551724,16.482758620689655,,0.0,0,0,,,,,,0
RAH0440,7.5491329479768785,16.508670520231213,,0.0,0,0,,,,,,0
EPW0434,7.517341040462428,16.59248554913295,,0.0,0,0,,,,,,0
MHG0244,7.508670520231214,16.658959537572255,,0.0,0,0,,,,,,0
KES0729,9.677215189873415,13.938291139240508,,0.0,0,0,,,,,,0
WVB0539,7.5520231213872835,16.523121387283236,,0.0,0,0,,,,,,0
PID0426,8.45011086474501,14.71840354767184,,0.0,0,0,,,,,,0
HAH0248,7.5491329479768785,16.664739884393065,,0.0,0,0,,,,,,0
BIS0247,9.52710843373494,13.385542168674698,4.91764705882353,1.2083333333333333,0,0,,,,,,0
DGW0752,9.5,14.00485436893204,,0.0,0,0,,,,,,0
AIM0627,7.566473988439307,16.612716763005782,,0.0,0,0,,,,,,0
RGH0728,7.519572953736655,16.583629893238435,,0.0,0,0,,,,,,0
MVB0515,10.853932584269662,14.11938202247191,7.529661016949152,1.5420168067226891,0,0,,,,,,0
LHB0606,7.512195121951219,16.634146341463413,,0.0,0,0,,,,,,0
ARD0509,8.701657458563536,16.45303867403315,,0.0,0,0,,,,,,0
AAF0535,8.5,16.54268292682927,3.1875,2.232258064516129,0,0,,,,,,0
GCC0744,7.514450867052023,16.653179190751445,,0.0,0,0,,,,,,0
PKB0429,7.546242774566474,16.606936416184972,,0.0,0,0,,,,,,0
QPM0727,7.554913294797688,16.615606936416185,,0.0,0,0,,,,,,0
PPF0435,7.619047619047619,16.408163265306122,1.0,6.75,0,0,,,,,,0
MLD0755,9.550819672131148,13.970491803278687,,0.0,0,0,,,,,,0
MAD0753,7.514450867052023,16.540462427745666,,0.0,0,0,,,,,,0
LCB0664,9.74633431085044,13.696480938416425,2.778523489932886,8.604046242774567,0,0,,,,,,0
DGF0443,7.528901734104046,16.667630057803468,,0.0,0,0,,,,,,0
MBG0438,7.497872340425532,16.5531914893617,,0.0,0,0,,,,,,0
QRM0739,7.909589041095891,16.421917808219177,24.28034682080925,8.638728323699421,0,0,,,,,,0
OLB0749,7.448979591836735,16.581632653061224,,0.0,0,0,,,,,,0
SMW0084,7.540462427745664,16.609826589595375,,0.0,0,0,,,,,,0
SCF0608,7.523121387283237,16.53757225433526,,0.0,0,0,,,,,,0
MDM0625,9.71094890510949,13.772262773722629,24.191304347826087,7.921739130434783,0,0,,,,,,0
KJS0618,7.543352601156069,16.546242774566473,,0.0,0,0,,,,,,0
IMP0530,8.534682080924856,16.508670520231213,,0.0,0,0,,,,,,0
GZC0735,9.856966707768189,13.73612823674476,2.4918032786885247,1.4703703703703703,0,0,,,,,,0
MTB0620,9.587859424920127,13.940894568690096,6.102167182662539,2.9472140762463344,0,0,,,,,,0
MHG0733,7.554913294797688,16.53757225433526,,0.0,0,0,,,,,,0
LLV0602,7.511560693641618,16.540462427745666,,0.0,0,0,,,,,,0
LCD0622,7.5520231213872835,16.54335260115607,,0.0,0,0,,,,,,0
HKR0628,9.867418899858956,13.674188998589562,,0.0,0,0,,,,,,0
FSC0601,7.7407407407407405,16.228395061728396,3.200980392156863,2.2245614035087717,0,0,,,,,,0
DMM0623,9.527910685805423,13.942583732057416,,0.0,0,0,,,,,,0
CKB0427,7.5520231213872835,16.572254335260116,,0.0,0,0,,,,,,0
CAB0614,9.656976744186046,13.623546511627907,4.586206896551724,1.5206611570247934,0,0,,,,,,0
KWE0082,9.491143317230271,13.901771336553946,7.0251572327044025,2.206153846153846,0,0,,,,,,0
RAS0432,9.447761194029852,14.064676616915422,,0.0,0,0,,,,,,0
UJC0737,7.5491329479768785,16.53757225433526,,0.0,0,0,,,,,,0
UCH0519,8.551971326164875,16.61648745519713,,0.0,0,0,,,,,,0
JMD0520,10.65379113018598,13.921316165951358,6.086816720257235,2.068535825545171,0,0,,,,,,0
NJB0243,7.904255319148936,16.204787234042552,,0.0,0,0,,,,,,0
GQP0743,7.526011560693641,16.595375722543352,,0.0,0,0,,,,,,0
DSB0731,7.508670520231214,16.50578034682081,,0.0,0,0,,,,,,0
CSB0080,7.53757225433526,16.563583815028903,,0.0,0,0,,,,,,0
BVN0514,8.745762711864407,16.322033898305083,,0.0,0,0,,,,,,0
TET0621,8.727078891257996,15.437100213219615,,0.0,0,0,,,,,,0
RKD0604,7.668831168831168,16.363636363636363,24.5,5.0,0,0,,,,,,0
GCS0518,8.578034682080926,16.569364161849713,,0.0,0,0,,,,,,0
OKB0439,7.520231213872832,16.621387283236995,,0.0,0,0,,,,,,0
EIM0156,6.589595375722543,16.534682080924856,,0.0,0,0,,,,,,0
CAA0612,9.507340946166394,13.936378466557912,6.474747474747475,1.2427184466019416,0,0,,,,,,0
FBW0747,7.889447236180905,16.339195979899497,,0.0,0,0,,,,,,0
BSA0431,7.534682080924855,16.63294797687861,,0.0,0,0,,,,,,0
CYA0506,8.447619047619048,16.63809523809524,,0.0,0,0,,,,,,0
JCV0245,7.53757225433526,16.658959537572255,,0.0,0,0,,,,,,0
JOM0750,7.57514450867052,16.734104046242773,,0.0,0,0,,,,,,0
KWC0004,7.534682080924855,16.589595375722542,,0.0,0,0,,,,,,0
TEB0251,9.60377358490566,14.13364779874214,,0.0,0,0,,,,,,0
PGO0433,7.526011560693641,16.589595375722542,,0.0,0,0,,,,,,0
LEM0605,7.557803468208093,17.0,,0.0,0,0,,,,,,0
FMG0527,8.733576642335766,16.547445255474454,11.5,3.0,0,0,,,,,,0
FRL0511,8.546242774566474,16.566473988439306,,0.0,0,0,,,,,,0
EMB0531,10.51534733441034,14.41357027463651,,0.0,0,0,,,,,,0
ASS0517,10.507317073170732,14.354471544715446,,0.0,0,0,,,,,,0
BEH0615,9.720289855072464,13.702898550724637,2.627450980392157,1.5887096774193548,0,0,,,,,,0
FHO0630,7.5,16.667630057803468,,0.0,0,0,,,,,,0
BSH0445,7.520231213872832,16.563583815028903,,0.0,0,0,,,,,,0
BAM0611,9.515548281505728,13.967266775777414,,0.0,0,0,,,,,,0
CRD0624,8.7,15.62,,0.0,0,0,,,,,,0
PRM0740,7.543352601156069,16.578034682080926,,0.0,0,0,,,,,,0
HMM0108,11.616666666666667,15.2,6.764705882352941,1.96078431372549,0,0,,,,,,0
NNA0610,7.514450867052023,16.566473988439306,,0.0,0,0,,,,,,0
VCY0751,9.558064516129033,13.898387096774194,,0.0,0,0,,,,,,0
SSG0250,9.547923322683706,13.878594249201278,,0.0,0,0,,,,,,0
RCC0617,7.592485549132948,17.0,,0.0,0,0,,,,,,0
EZH0736,7.53757225433526,16.621387283236995,,0.0,0,0,,,,,,0
CQH0730,7.531791907514451,16.53179190751445,,0.0,0,0,,,,,,0
CGA0629,7.528901734104046,16.563583815028903,,0.0,0,0,,,,,,0
GBM0603,7.546583850931677,16.630434782608695,,0.0,0,0,,,,,,0
WXH0872,8.507368421052632,15.661052631578947,3.6875,2.173374613003096,0,0,,,,,,0
LQP0508,10.814866760168304,14.26086956521739,,0.0,0,0,,,,,,0
SCB0534,8.523121387283236,16.546242774566473,,0.0,0,0,,,,,,0
MIC0726,7.517341040462428,16.615606936416185,,0.0,0,0,,,,,,0
YJF0532,10.904895104895106,14.212587412587412,,0.0,0,0,,,,,,0
KKS0119,8.852032520325203,13.86341463414634,,0.0,0,0,,,,,,0
CSH0626,9.7478152309613,13.348314606741573,,0.0,0,0,,,,,,0
CCW0524,8.520231213872833,16.552023121387283,,0.0,0,0,,,,,,0
ASG0048,7.528901734104046,16.578034682080926,,0.0,0,0,,,,,,0
ARA0252,9.508914100486225,13.92220421393841,,0.0,0,0,,,,,,0
ANT0430,9.697388632872505,13.789554531490015,,0.0,0,0,,,,,,0
JXH0493,8.0,17.0,,0.0,0,0,,,,,,0
ASB0796,8.0,17.0,,0.0,0,0,,,,,,0
CIM0271,8.970031545741325,13.834384858044164,5.088524590163934,2.2036474164133737,0,0,,,,,,0
MKS0204,7.0,17.0,,0.0,0,0,,,,,,0
OMS0101,7.0,17.0,,0.0,0,0,,,,,,0
ROB0272,7.0,17.0,,0.0,0,0,,,,,,0
NWT0098,7.0,17.0,3.25,2.148026315789474,0,0,,,,,,0
CBG0490,8.0,17.0,,0.0,0,0,,,,,,0
BEC0505,8.0,17.0,,0.0,0,0,,,,,,0
JIM0095,7.0,17.0,,0.0,0,0,,,,,,0
LPC0492,8.381720430107526,16.758064516129032,,0.0,0,0,,,,,,0
NCE0097,7.0,17.0,,0.0,0,0,,,,,,0
RVF0201,9.009448818897638,13.814173228346457,2.769230769230769,1.513157894736842,0,0,,,,,,0
CKB0482,8.0,17.0,,0.0,0,0,,,,,,0
CWR0502,10.10344827586207,14.045977011494251,3.883248730964467,1.4560669456066946,0,0,,,,,,0
OCB0805,8.0,17.0,,0.0,0,0,,,,,,0
SBN0495,8.0,17.0,,0.0,0,0,,,,,,0
SSH0799,10.260515603799186,13.976933514246948,,0.0,0,0,,,,,,0
RHP0484,10.027565084226646,14.183767228177642,,0.0,0,0,,,,,,0
MMB0488,8.0,17.0,,0.0,0,0,,,,,,0
KRL0501,8.0,17.0,3.284090909090909,2.253968253968254,0,0,,,,,,0
KAT0489,8.0,17.0,,0.0,0,0,,,,,,0
ATF0274,7.0,17.0,,0.0,0,0,,,,,,0
LDG0459,9.949579831932772,14.280112044817928,4.660194174757281,1.256,0,0,,,,,,0
DBW0483,8.0,17.0,,0.0,0,0,,,,,,0
TLM0797,8.0,17.0,,0.0,0,0,,,,,,0
CNM0800,8.0,17.0,,0.0,0,0,,,,,,0
NAB0801,8.0,17.0,,0.0,0,0,,,,,,0
CJF0802,9.863033873343152,13.531664212076585,,0.0,0,0,,,,,,0
DVW0103,7.0,17.0,,0.0,0,0,,,,,,0
IMB0481,8.0,17.0,,0.0,0,0,,,,,,0
JJM0203,9.150943396226417,13.62735849056604,3.2442748091603053,2.2061855670103094,0,0,,,,,,0
MHA0798,8.0,17.0,,0.0,0,0,,,,,,0
SGS0268,7.0,17.0,,0.0,0,0,,,,,,0
YEV0793,8.0,17.0,,0.0,0,0,,,,,,0
SPA0141,9.273255813953488,13.247093023255816,,0.0,0,0,,,,,,0
WBC0192,9.03522205206738,13.719754977029096,4.462365591397849,1.2293577981651376,0,0,,,,,,0
QNF0205,7.0,17.0,,0.0,0,0,,,,,,0
SMY0792,10.13265306122449,14.151603498542274,5.256521739130434,1.5702479338842976,0,0,,,,,,0
ENL0100,7.0,17.0,,0.0,0,0,,,,,,0
DGN0480,8.0,17.0,,0.0,0,0,,,,,,0
CJC0494,8.0,17.0,,0.0,0,0,,,,,,0
KAT0270,7.0,17.0,,0.0,0,0,,,,,,0
CUD0795,8.0,17.0,,0.0,0,0,,,,,,0
RBB0485,8.0,17.0,,0.0,0,0,,,,,,0
SVL0803,8.0,17.0,,0.0,0,0,,,,,,0
RAG0275,7.0,17.0,,0.0,0,0,,,,,,0
WAB0143,7.0,17.0,,0.0,0,0,,,,,,0
SBQ0786,8.0,17.0,,0.0,0,0,,,,,,0
ONL0276,7.0,17.0,,0.0,0,0,,,,,,0
SMB0804,8.0,17.0,,0.0,0,0,,,,,,0
CMM0487,8.0,17.0,,0.0,0,0,,,,,,0
IRT0491,8.0,17.0,,0.0,0,0,,,,,,0
CTW0500,8.0,17.0,,0.0,0,0,,,,,,0
DDA0476,8.0,17.0,,0.0,0,0,,,,,,0
EHR0096,7.0,17.0,,0.0,0,0,,,,,,0
XHW0498,8.0,17.0,3.216666666666667,2.2989130434782608,0,0,,,,,,0
ZJS0269,7.0,17.0,,0.0,0,0,,,,,,0
XAA0104,8.932367149758454,13.864734299516908,4.648936170212766,1.2897196261682242,0,0,,,,,,0
AAF0791,8.0,17.0,,0.0,0,0,,,,,,0
CAM0102,7.0,17.0,,0.0,0,0,,,,,,0
CKH0144,7.0,17.0,,0.0,0,0,,,,,,0
HCV0478,9.92635024549918,14.378068739770868,,0.0,0,0,,,,,,0
LQC0479,8.154228855721392,16.90049751243781,22.0,3.0,0,0,,,,,,0
OLF0504,8.0,17.0,,0.0,0,0,,,,,,0
FIR0920,9.316628701594531,18.015945330296127,,0.0,0,0,,,,,,0
AMH0794,8.0,17.0,,0.0,0,0,,,,,,0
BJH0354,8.0,17.0,,0.0,0,0,,,,,,0
KBC0054,8.0,17.0,,0.0,0,0,,,,,,0
NMC0486,8.0,17.0,,0.0,0,0,,,,,,0
SES0477,9.90032154340836,14.305466237942122,,0.0,0,0,,,,,,0
HBB0056,8.0,17.0,,0.0,0,0,,,,,,0
CIG0052,8.0,17.0,,0.0,0,0,,,,,,0
CLF0852,9.64450474898236,13.7516960651289,,0.0,0,0,,,,,,0
TCD0009,8.0,17.0,,0.0,0,0,,,,,,0
HCS0003,8.0,17.0,8.982300884955752,2.9444444444444446,0,0,,,,,,0
SLB0049,8.0,17.0,,0.0,0,0,,,,,,0
KBS0874,9.167207792207792,14.012987012987011,,0.0,0,0,,,,,,0
PLH0862,7.0,17.03179190751445,,0.0,0,0,,,,,,0
RLG0856,9.302611367127495,13.66205837173579,2.7154471544715446,1.6130434782608696,0,0,,,,,,0
FGW0853,7.898901098901099,15.087912087912088,,0.0,0,0,,,,,,0
RUM0880,9.353030303030303,13.65,6.915094339622642,2.1635802469135803,0,0,,,,,,0
SBN0866,7.411290322580645,16.400537634408604,24.433333333333337,1.5708333333333333,0,0,,,,,,0
WDO0870,7.780821917808219,14.835616438356164,,0.0,0,0,,,,,,0
JOL0024,7.0,17.026011560693643,,0.0,0,0,,,,,,0
IJW0851,7.0491329479768785,17.03179190751445,,0.0,0,0,,,,,,0
GRM0868,7.0,17.040462427745666,,0.0,0,0,,,,,,0
BMS0877,7.0,17.023809523809526,,0.0,0,0,,,,,,0
LTS0860,7.0,17.034682080924856,,0.0,0,0,,,,,,0
OCS0865,9.24056603773585,13.924528301886792,3.7629310344827585,2.0529595015576323,0,0,,,,,,0
FFC0891,11.207505518763798,14.222958057395145,5.554913294797688,2.2841530054644807,0,0,,,,,,0
HAM0985,7.0,17.03179190751445,,0.0,0,0,,,,,,0
NAR0981,7.0,17.034682080924856,,0.0,0,0,,,,,,0
ZJE0857,7.300254452926208,16.68702290076336,,0.0,0,0,,,,,,0
YCE0983,7.0,17.04335260115607,,0.0,0,0,,,,,,0
KKW0879,7.851441241685144,15.98891352549889,4.705521472392638,8.548556430446194,0,0,,,,,,0
HDD0789,7.0,17.014450867052023,,0.0,0,0,,,,,,0
JCW0858,7.0,17.03757225433526,,0.0,0,0,,,,,,0
MAH0864,7.0,17.020231213872833,,0.0,0,0,,,,,,0
MAS0025,7.077669902912621,16.9126213592233,18.333333333333332,3.2,0,0,,,,,,0
NSS0876,7.0,17.020231213872833,,0.0,0,0,,,,,,0
AOS0987,11.362482369534556,15.207334273624824,,0.0,0,0,,,,,,0
CCR0863,7.0,17.023121387283236,,0.0,0,0,,,,,,0
ZDW0859,9.19108280254777,13.980891719745223,,0.0,0,0,,,,,,0
CCM0855,7.0,17.034682080924856,,0.0,0,0,,,,,,0
FQA0854,7.065527065527066,16.962962962962962,,0.0,0,0,,,,,,0
KJJ0293,10.727930535455862,14.68162083936324,3.6301369863013697,1.5333333333333334,0,0,,,,,,0
BAH0875,8.019354838709678,14.748387096774191,,0.0,0,0,,,,,,0
SAP0867,7.0,17.04794520547945,,0.0,0,0,,,,,,0
THR0873,7.348648648648648,16.521621621621623,24.63872832369942,7.92485549132948,0,0,,,,,,0
WKF0012,7.0,17.028901734104046,,0.0,0,0,,,,,,0
HPM0986,7.0,17.026011560693643,,0.0,0,0,,,,,,0
MKP0861,9.15,14.00967741935484,,0.0,0,0,,,,,,0
JNA0559,8.559420289855073,17.52463768115942,,0.0,0,0,,,,,,0
SJW0451,7.497109826589595,17.55491329479769,,0.0,0,0,,,,,,0
DOP0562,8.49421965317919,17.528901734104046,,0.0,0,0,,,,,,0
EGD0132,8.534391534391535,17.624338624338623,3.3529411764705883,2.295081967213114,0,0,,,,,,0
AIP0982,9.199685534591197,13.880503144654089,25.758333333333333,1.525,0,0,,,,,,0
SGB0140,11.016483516483516,14.861263736263735,,0.0,0,0,,,,,,0
MYD0978,7.486274509803922,17.427450980392155,15.0,1.75,0,0,,,,,,0
SOG0411,7.554913294797688,17.552023121387283,,0.0,0,0,,,,,,0
NRD0548,7.549019607843137,17.5718954248366,,0.0,0,0,,,,,,0
EGD0409,9.491935483870968,14.52016129032258,,0.0,0,0,,,,,,0
CCL0068,7.513888888888889,17.53472222222222,3.230769230769231,2.327205882352941,0,0,,,,,,0
BJP0134,10.538211382113822,14.90569105691057,23.32947976878613,8.604046242774567,0,0,,,,,,0
IJM0139,8.53757225433526,17.514450867052023,,0.0,0,0,,,,,,0
HCW0419,9.537964458804524,14.447495961227787,,0.0,0,0,,,,,,0
HSD0457,7.526011560693641,17.572254335260116,,0.0,0,0,,,,,,0
IUB0565,8.547008547008547,17.585470085470085,3.2662337662337664,2.205357142857143,0,0,,,,,,0
JJH0292,10.679331306990882,14.901215805471123,,0.0,0,0,,,,,,0
PGC0066,7.5491329479768785,17.569364161849713,,0.0,0,0,,,,,,0
TIW0299,8.517341040462428,17.526011560693643,,0.0,0,0,,,,,,0
NRF0137,8.488439306358382,18.0,,0.0,0,0,,,,,,0
TEM0977,7.517341040462428,17.514450867052023,,0.0,0,0,,,,,,0
RMW0542,7.509316770186335,17.571428571428573,3.3333333333333335,2.52027027027027,0,0,,,,,,0
NCK0295,8.511560693641618,17.53179190751445,,0.0,0,0,,,,,,0
ZFM0468,7.5491329479768785,17.546242774566473,,0.0,0,0,,,,,,0
KRM0541,7.799450549450549,17.32967032967033,,0.0,0,0,,,,,,0
JRH0455,7.490909090909091,17.563636363636363,,0.0,0,0,,,,,,0
APG0307,8.53757225433526,17.58670520231214,,0.0,0,0,,,,,,0
AJL0462,9.558282208588958,13.918711656441715,,0.0,0,0,,,,,,0
AHM0410,9.995862068965517,14.376551724137933,8.619607843137254,1.5390625,0,0,,,,,,0
MGS0974,7.866983372921615,16.973871733966746,3.056603773584906,1.2136752136752136,0,0,,,,,,0
DFH0188,9.252136752136751,14.101139601139602,25.02390438247012,1.6175298804780875,0,0,,,,,,0
CLS0296,8.50578034682081,17.540462427745666,,0.0,0,0,,,,,,0
ERH0449,7.520231213872832,17.528901734104046,,0.0,0,0,,,,,,0
GJD0298,8.54913294797688,17.59248554913295,,0.0,0,0,,,,,,0
HDJ0446,7.523121387283237,17.526011560693643,,0.0,0,0,,,,,,0
KBG0549,9.724615384615385,14.443076923076925,4.488095238095238,1.2272727272727273,0,0,,,,,,0
MDM0976,7.514450867052023,17.606936416184972,,0.0,0,0,,,,,,0
TAC0300,8.540462427745664,17.63583815028902,,0.0,0,0,,,,,,0
WSR0241,8.546318289786223,16.81472684085511,,0.0,0,0,,,,,,0
ZSL0305,8.540462427745664,17.50578034682081,,0.0,0,0,,,,,,0
TAP0551,9.606714628297365,14.529976019184652,10.5,1.25,0,0,,,,,,0
JCR0289,8.517341040462428,17.627167630057805,,0.0,0,0,,,,,,0
AMJ0297,8.531791907514451,17.615606936416185,,0.0,0,0,,,,,,0
CJG0470,7.554913294797688,17.664739884393065,,0.0,0,0,,,,,,0
BSS0463,7.793956043956044,17.39835164835165,,0.0,0,0,,,,,,0
GCL0016,9.609179415855357,14.374130737134909,3.2096774193548385,1.2641509433962264,0,0,,,,,,0
JMH0543,9.465346534653465,14.490099009900993,,0.0,0,0,,,,,,0
WLV0566,8.53757225433526,17.546242774566473,,0.0,0,0,,,,,,0
JKM0303,8.534682080924856,17.540462427745666,,0.0,0,0,,,,,,0
TMA0069,7.526011560693641,17.601156069364162,,0.0,0,0,,,,,,0
ANP0555,7.557803468208093,17.572254335260116,,0.0,0,0,,,,,,0
BDB0453,8.0275,15.9825,,0.0,0,0,,,,,,0
AMH0464,7.511560693641618,17.50578034682081,,0.0,0,0,,,,,,0
PTH0552,9.527004909983631,14.48936170212766,,0.0,0,0,,,,,,0
NCK0421,7.563583815028902,17.58092485549133,,0.0,0,0,,,,,,0
HGG0240,7.514450867052023,17.552023121387283,,0.0,0,0,,,,,,0
KVS0425,7.546242774566474,17.502890173410403,,0.0,0,0,,,,,,0
BMC0547,7.5491329479768785,17.563583815028903,,0.0,0,0,,,,,,0
BHW0458,7.511560693641618,17.560693641618496,,0.0,0,0,,,,,,0
CEL0561,10.49430894308943,14.946341463414637,,0.0,0,0,,,,,,0
HSP0290,8.540462427745664,17.53757225433526,,0.0,0,0,,,,,,0
NBC0412,7.578796561604585,17.46704871060172,,0.0,0,0,,,,,,0
KQS0415,7.528901734104046,17.569364161849713,,0.0,0,0,,,,,,0
JNJ0556,8.547826086956523,17.67536231884058,23.05491329479769,8.679190751445086,0,27,,,,,,0
HRW0550,7.514450867052023,17.546242774566473,,0.0,0,0,,,,,,0
BXJ0010,7.586705202312139,17.540462427745666,,0.0,0,0,,,,,,0
GCR0554,7.528901734104046,17.50578034682081,,0.0,0,0,,,,,,0
CTA0020,9.713615023474178,14.740219092331769,3.139896373056995,8.604046242774567,0,0,,,,,,0
CRP0456,7.5491329479768785,17.615606936416185,,0.0,0,0,,,,,,0
BYP0070,7.512605042016807,17.53361344537815,,0.0,0,0,,,,,,0
HKB0418,7.554216867469879,17.521084337349397,,0.0,0,0,,,,,,0
HBO0413,7.504643962848297,17.57894736842105,3.213953488372093,2.379194630872483,0,0,,,,,,0
HVF0067,9.601255886970172,14.389324960753532,6.321875,2.1158536585365852,0,0,,,,,,0
ICH0294,9.56177156177156,16.84149184149184,7.865203761755485,2.0619195046439627,0,0,,,,,,0
FTM0406,7.485943775100401,17.313253012048193,16.5,4.5,0,0,,,,,,0
KPP0452,7.546242774566474,17.661849710982658,,0.0,0,0,,,,,,0
AAV0450,7.540462427745664,17.53757225433526,,0.0,0,0,,,,,,0
SCP0130,9.396514161220043,16.305010893246187,5.226537216828479,2.1661631419939575,0,0,,,,,,0
SBH0537,10.497118155619596,14.86599423631124,4.7032967032967035,1.1965811965811963,0,0,,,,,,0
RGN0408,7.501449275362319,17.52463768115942,,0.0,0,0,,,,,,0
NDM0417,9.95,14.197222222222225,4.52112676056338,2.189873417721519,0,0,,,,,,0
KPC0073,7.740259740259741,17.305194805194805,,1.6,0,0,,,,,,0
ILR0304,8.592485549132949,17.534682080924856,,0.0,0,0,,,,,,0
HIW0536,7.531791907514451,18.0,,0.0,0,0,,,,,,0
KJW0416,7.534682080924855,17.673410404624278,,0.0,0,0,,,,,,0
GHL0460,7.560344827586207,17.413793103448278,20.5,3.6666666666666665,0,0,,,,,,0
GAF0570,10.655608214849922,14.9652448657188,,0.0,0,0,,,,,,0
FEB0306,10.718571428571428,14.621428571428572,5.211711711711712,1.5695652173913044,0,0,,,,,,0
EAH0466,9.523076923076925,14.261538461538462,25.571428571428573,1.0714285714285714,0,0,,,,,,0
CMS0454,7.508670520231214,17.528901734104046,,0.0,0,0,,,,,,0
BBS0422,8.265060240963855,15.660642570281125,4.752380952380952,1.232,0,0,,,,,,0
GLR0975,9.461538461538462,14.5810147299509,,0.0,0,0,,,,,,0
NKP0236,7.72112676056338,17.377464788732393,3.883116883116883,1.2424242424242424,0,0,,,,,,0
PNL0301,8.512820512820513,17.647435897435898,3.0833333333333335,2.26027397260274,0,0,,,,,,0
ORB0473,7.526011560693641,17.679190751445088,,0.0,0,0,,,,,,0
TBT0461,7.534682080924855,17.647398843930635,,0.0,0,0,,,,,,0
HIA0414,7.517341040462428,17.606936416184972,,0.0,0,0,,,,,,0
CCM0467,7.5520231213872835,17.583815028901736,,0.0,0,0,,,,,,0
BNG0237,9.507389162561577,14.525451559934318,,0.0,0,0,,,,,,0
HJA0018,9.495894909688014,14.573070607553364,,0.0,0,0,,,,,,0
SDF0017,7.517341040462428,17.604046242774565,,0.0,0,0,,,,,,0
RDT0424,9.82463768115942,14.35072463768116,3.0526315789473686,1.5341880341880345,0,0,,,,,,0
NUL0471,9.50326797385621,14.506535947712418,,0.0,0,0,,,,,,0
LFS0071,7.557803468208093,17.55491329479769,,0.0,0,0,,,,,,0
KSH0569,8.514450867052023,17.589595375722542,,0.0,0,0,,,,,,0
PSF0133,8.505263157894737,17.594736842105263,3.301470588235294,2.2295081967213113,0,0,,,,,,0
GOK0238,7.481327800829876,17.6597510373444,,0.0,0,0,,,,,,0
DAG0558,8.546242774566474,17.546242774566473,,0.0,0,0,,,,,,0
CCM0136,10.590837282780411,14.87045813586098,2.9148936170212765,1.263157894736842,0,0,,,,,,0
ABN0239,9.484502446982056,14.473083197389888,,0.0,0,0,,,,,,0
AAW0353,7.523121387283237,17.670520231213874,,0.0,0,0,,,,,,0
GZB0469,7.517341040462428,17.55491329479769,,0.0,0,0,,,,,,0
WTR0563,8.520231213872833,17.673410404624278,,0.0,0,0,,,,,,0
VMJ0546,9.537337662337665,14.501623376623376,10.410493827160494,2.188271604938272,0,0,,,,,,0
VIA0063,7.505780346820809,17.59826589595376,24.63583815028902,7.9508670520231215,0,0,,,,,,0
TJB0302,8.572254335260116,17.754335260115607,,0.0,0,0,,,,,,0
GHH0288,9.143564356435643,16.836633663366335,5.2274247491638794,2.2445141065830723,0,0,,,,,,0
HJS0072,9.608695652173912,14.478260869565217,4.823529411764706,1.5294117647058822,0,0,,,,,,0
CJM0138,8.54335260115607,17.612716763005782,,0.0,0,0,,,,,,0
ALD0544,7.514450867052023,17.534682080924856,,0.0,0,0,,,,,,0
MES0407,7.554913294797688,17.684971098265898,,0.0,0,0,,,,,,0
THD0448,7.528901734104046,17.54335260115607,,0.0,0,0,,,,,,0
TPH0474,7.511560693641618,17.606936416184972,,0.0,0,0,,,,,,0
RRP0568,10.594761171032358,15.029275808936823,6.092436974789916,1.548780487804878,0,0,,,,,,0
AOB0019,7.531791907514451,17.53179190751445,,0.0,0,0,,,,,,0
MLG0475,7.5520231213872835,17.534682080924856,,0.0,0,0,,,,,,0
HRB0351,9.752420470262797,14.402489626556015,23.767857142857142,1.1875,0,0,,,,,,0
RHY0079,9.167597765363128,17.874301675977655,,0.0,0,0,,,,,,0
NLO0131,8.531791907514451,17.53179190751445,,0.0,0,0,,,,,,0
KDT0346,8.903536977491962,14.390675241157556,,0.0,0,0,,,,,,0
KMW0545,9.557165861513688,14.46537842190016,4.93,1.205607476635514,0,0,,,,,,0
ESH0135,8.552023121387283,17.540462427745666,,0.0,0,0,,,,,,0
EMW0105,9.0,18.0,,0.0,0,0,,,,,,0
EGK0893,9.0,18.0,,0.0,0,0,,,,,,0
CCH0182,7.0,18.0,,0.0,0,0,,,,,,0
JFC0557,10.50081300813008,14.902439024390244,8.228985507246376,4.043352601156069,0,0,,,,,,0
PGH0184,8.903940886699507,14.455665024630544,,0.0,0,0,,,,,,0
CJV0286,10.905996758508914,15.311183144246352,,0.0,0,0,,,,,,0
JSH0330,7.0,18.0,,0.0,0,0,,,,,,0
KJG0910,9.0,18.0,,0.0,0,0,,,,,,0
MFV0897,9.0,18.0,,0.0,0,0,,,,,,0
JML0909,10.950080515297907,15.339774557165862,,0.0,0,0,,,,,,0
CLD0894,9.0,18.0,,0.0,0,0,,,,,,0
AKK0329,7.0,18.0,,0.0,0,0,,,,,,0
EJW0884,9.0,18.0,,0.0,0,0,,,,,,0
NHH0185,7.177464788732395,17.898591549295773,,0.0,0,0,,,,,,0
TSG0906,10.83717105263158,15.333881578947368,,0.0,0,0,,,,,,0
ESH0283,9.619422572178475,17.805774278215225,24.275229357798164,1.275229357798165,0,0,,,,,,0
IBP0883,10.87787356321839,14.37787356321839,,0.0,0,0,,,,,,0
MAE0331,7.0,18.0,,0.0,0,0,,,,,,0
OQH0183,7.0,18.0,,0.0,0,0,,,,,,0
SDB0106,11.364942528735632,15.290229885057473,,0.0,0,0,,,,,,0
AAE0190,8.0,18.0,,0.0,0,0,,,,,,0
HCL0113,9.0,18.0,,0.0,0,0,,,,,,0
HGN0287,9.0,18.0,,0.0,0,0,,,,,,0
NCH0179,7.0,18.0,,0.0,0,0,,,,,,0
ORG0339,7.0,18.0,,0.0,0,0,,,,,,0
QCH0110,9.0,18.0,,0.0,0,0,,,,,,0
SSR0278,9.0,18.0,,0.0,0,0,,,,,,0
SSS0345,7.0,18.0,,0.0,0,0,,,,,,0
XHG0902,9.0,18.0,,0.0,0,0,,,,,,0
JZD0888,9.0,18.0,,0.0,0,0,,,,,,0
EFS0882,9.0,18.0,,0.0,0,0,,,,,,0
MIB0904,10.931309904153355,15.293929712460065,,0.0,0,0,,,,,,0
CAC0889,9.0,18.0,,0.0,0,0,,,,,,0
CXC0336,7.0,18.0,,0.0,0,0,,,,,,0
WNB0908,10.85032894736842,15.325657894736842,,0.0,0,0,,,,,,0
SLT0907,9.0,18.0,,0.0,0,0,,,,,,0
ZKS0899,9.4,17.51688311688312,24.81686046511628,8.694767441860465,0,0,,,,,,0
PKB0281,9.0,18.0,,0.0,0,0,,,,,,0
SNC0187,7.0,18.0,23.21,1.26,0,0,,,,,,0
NAB0903,9.0,18.0,,0.0,0,0,,,,,,0
CNB0900,9.0,18.0,,0.0,0,0,,,,,,0
OKC0107,9.0,18.0,,0.0,0,0,,,,,,0
ARB0881,9.0,18.0,,0.0,0,0,,,,,,0
POB0343,7.0,18.0,,0.0,0,0,,,,,,0
SXM0895,9.0,18.0,,0.0,0,0,,,,,,0
ZMC0284,9.0,18.0,,0.0,0,0,,,,,,0
GTD0898,9.0,18.0,,0.0,0,0,,,,,,0
LJJ0905,9.12295081967213,17.639344262295083,,0.0,0,0,,,,,,0
CGF0337,7.0,18.0,,0.0,0,0,,,,,,0
BMM0112,9.0,18.0,,0.0,0,0,,,,,,0
CRO0027,10.853582554517134,15.09190031152648,,0.0,0,0,,,,,,0
HAC0282,9.0,18.0,,0.0,0,0,,,,,,0
HCC0344,7.0,18.0,,0.0,0,0,,,,,,0
PMC0328,8.977455716586151,14.452495974235104,3.2,2.1135646687697163,0,0,,,,,,0
SAT0194,8.0,18.0,,0.0,0,0,,,,,,0
CEJ0109,9.0,18.0,3.2333333333333334,2.1554054054054053,0,0,,,,,,0
HFB0347,7.0,18.0,22.285714285714285,1.2467532467532467,0,0,,,,,,0
MTT0901,10.755102040816327,15.448979591836734,6.678571428571429,3.2142857142857144,0,0,,,,,,0
OYM0026,9.403183023872678,17.6737400530504,,0.0,0,0,,,,,,0
ACV0812,10.735064935064935,15.251948051948052,,0.0,0,0,,,,,,0
DIB0285,9.0,18.0,3.125,2.327380952380953,0,0,,,,,,0
HWM0342,7.257534246575342,17.698630136986303,,0.0,0,0,,,,,,0
TOR0193,10.043818466353676,14.830985915492958,,0.0,0,0,,,,,,0
LUR0896,9.818858560794045,16.04466501240695,,0.0,0,0,,,,,,0
DOL0332,7.0,18.0,,0.0,0,0,,,,,,0
WKD0013,9.501228501228502,16.66093366093366,,0.0,0,0,,,,,,0
SHR0334,7.0,18.0,,0.0,0,0,,,,,,0
RHC0335,7.0,18.0,,0.0,0,0,,,,,,0
KJM0887,9.0,18.0,,0.0,0,0,,,,,,0
IUY0279,11.012841091492778,15.359550561797754,,0.0,0,0,,,,,,0
BLB0114,11.186781609195402,15.10632183908046,,0.0,0,0,,,,,,0
BJM0111,8.766968325791856,16.020361990950228,21.307065217391305,7.932065217391305,0,0,,,,,,0
AGB0186,7.0,18.0,,0.0,0,0,,,,,,0
SHW0578,8.0,18.0,,0.0,0,0,,,,,,0
VSS0154,8.0,18.0,3.375,2.31,0,0,,,,,,0
MJS0890,9.0,18.0,,0.0,0,0,,,,,,0
GNS0178,8.998520710059172,13.928994082840235,25.408333333333335,1.2666666666666666,0,0,,,,,,0
CSJ0340,7.0,18.0,,0.0,0,0,,,,,,0
MDH0580,8.0,18.0,3.273684210526316,2.3198529411764706,0,0,,,,,,0
MLL0598,8.0,18.0,2.5214285714285714,8.055072463768116,0,0,,,,,,0
NSC0597,8.300275482093664,17.834710743801654,,0.0,0,0,,,,,,0
WJD0576,8.0,18.0,,0.0,0,0,,,,,,0
BCR0581,10.57514450867052,14.923410404624278,,0.0,0,0,,,,,,0
DCC0160,7.0,18.0,,0.0,0,0,,,,,,0
VMJ0147,8.0,18.0,,0.0,0,0,,,,,,0
TJG0582,8.0,18.0,,0.0,0,0,,,,,,0
ASM0575,10.07890499194847,14.9597423510467,,0.0,0,0,,,,,,0
JDF0593,10.386335403726708,14.130434782608695,2.741496598639456,8.591280653950953,0,0,,,,,,0
LPH0572,8.0,18.0,,0.0,0,0,,,,,,0
ASD0577,8.0,18.0,,0.0,0,0,,,,,,0
ZCF0590,8.0,18.0,,0.0,0,0,,,,,,0
IEB0153,8.140992167101828,17.866840731070496,,0.0,0,0,,,,,,0
SAH0599,8.0,18.0,,0.0,0,0,,,,,,0
JRL0574,8.0,18.0,,0.0,0,0,,,,,,0
KLH0596,8.08843537414966,17.857142857142858,26.5,6.333333333333333,0,0,,,,,,0
MVF0594,8.0,18.0,,0.0,0,0,,,,,,0
WPE0538,8.0,18.0,,0.0,0,0,,,,,,0
SER0165,7.0,18.0,,0.0,0,0,,,,,,0
DSM0591,8.0,18.0,,0.0,0,0,,,,,,0
HPR0585,9.971993410214168,14.9835255354201,,0.0,0,0,,,,,,0
KJA0152,8.0,18.0,,0.0,0,0,,,,,,0
MJB0588,8.0,18.0,,0.0,0,0,,,,,,0
PMV0850,10.59612518628912,15.6602086438152,3.310810810810811,1.5161290322580645,0,0,,,,,,0
DDM0579,8.0,18.0,,0.0,0,0,,,,,,0
LDM0587,8.0,18.0,,0.0,0,0,,,,,,0
SOB0586,8.0,18.0,,0.0,0,0,,,,,,0
WDV0573,9.54786150712831,16.022403258655803,,0.0,0,0,,,,,,0
EHD0584,10.239401496259353,14.800498753117209,3.6666666666666665,1.4,0,0,,,,,,0
GCS0571,10.109697933227343,14.88871224165342,5.271028037383178,1.1794871794871795,0,0,,,,,,0
HGH0595,8.0,18.0,,0.0,0,0,,,,,,0
SAC0592,10.02442996742671,14.947882736156352,,0.0,0,0,,,,,,0
DIC0988,7.0,18.014450867052023,,0.0,0,0,,,,,,0
SBK0161,10.895332390381895,15.13861386138614,,0.0,0,0,,,,,,0
KVT0028,7.0,18.028901734104046,,0.0,0,0,,,,,,0
AMM0014,7.0,18.017341040462423,,0.0,0,0,,,,,,0
ETR0177,8.0,18.03757225433526,,0.0,0,0,,,,,,0
LNS0989,9.612535612535613,14.393162393162394,,0.0,0,0,,,,,,0
DLH0029,7.0,18.04335260115607,,0.0,0,0,,,,,,0
UCS0227,7.526011560693641,18.540462427745663,,0.0,0,0,,,,,,0
SAC0687,8.514450867052023,19.0,,0.0,0,0,,,,,,0
AIS0405,7.526011560693641,18.65606936416185,,0.0,0,0,,,,,,0
DBS0235,8.018716577540108,18.27005347593583,,0.0,0,0,,,,,,0
VCC0396,9.7621776504298,14.432664756446991,5.404682274247492,2.198776758409786,0,0,,,,,,0
BTR0403,10.295058139534884,15.332848837209305,3.3548387096774195,1.6101694915254237,0,0,,,,,,0
ESR0693,9.15625,17.96875,4.712962962962963,1.6923076923076923,0,0,,,,,,0
KAL0395,7.523121387283237,18.57514450867052,,0.0,0,0,,,,,,0
ADF0397,7.523121387283237,18.534682080924856,,0.0,0,0,,,,,,0
AIP0394,9.398133748055988,14.40746500777605,,0.0,0,0,,,,,,0
JBM0350,8.027649769585253,16.36405529953917,,0.0,0,0,,,,,,0
CBG0398,7.502890173410405,18.55491329479769,,0.0,0,0,,,,,,0
OJK0233,7.531791907514451,18.540462427745663,,0.0,0,0,,,,,,0
AKR0057,9.615751789976134,15.105011933174223,3.5294117647058822,2.23963133640553,0,0,,,,,,0
DJS0682,8.56936416184971,18.53757225433526,,0.0,0,0,,,,,,0
EDA0684,9.863636363636363,16.977272727272727,,0.0,0,0,,,,,,0
OLW0689,10.518760195758563,15.484502446982056,4.549450549450549,2.217391304347826,0,0,,,,,,0
BTN0061,10.34,15.182857142857143,,0.0,0,0,,,,,,0
FSB0399,7.540298507462687,18.55223880597015,,0.0,0,0,,,,,,0
NNS0059,7.531791907514451,18.528901734104046,,0.0,0,0,,,,,,0
RVC0232,7.546242774566474,18.566473988439306,,0.0,0,0,,,,,,0
SRS0231,7.505780346820809,18.69364161849711,,0.0,0,0,,,,,,0
ADC0391,9.504823151125402,15.009646302250804,,0.0,0,0,,,,,,0
CCH0685,10.579937304075235,15.379310344827584,,0.0,0,0,,,,,,0
CAM0681,10.499184339314844,15.541598694942904,3.973821989528796,1.512605042016807,0,0,,,,,,0
ASG0692,8.508670520231213,18.609826589595375,,0.0,0,0,,,,,,0
ATP0662,10.70496083550914,14.366840731070496,5.3940677966101696,1.5634920634920637,0,0,,,,,,0
ALH0402,7.554913294797688,18.552023121387283,,0.0,0,0,,,,,,0
CCC0393,7.520231213872832,18.552023121387283,,0.0,0,0,,,,,,0
JLW0053,7.517341040462428,18.661849710982658,,0.0,0,0,,,,,,0
WIF0691,10.542207792207792,15.558441558441558,23.893063583815028,7.895953757225434,0,0,,,,,,0
BTL0226,9.70935960591133,14.94088669950739,2.0,2.0,0,0,,,,,,0
DZC0228,7.57514450867052,18.58670520231214,,0.0,0,0,,,,,,0
XBN0229,7.520231213872832,18.563583815028903,,0.0,0,0,,,,,,0
VSA0230,10.028571428571428,15.221428571428572,5.118421052631579,1.1666666666666667,0,0,,,,,,0
GAF0060,7.546242774566474,18.53179190751445,,0.0,0,0,,,,,,0
RNL0695,10.535830618892508,15.527687296416936,,0.0,0,0,,,,,,0
ENC0234,9.679089026915111,14.979296066252587,,0.0,0,0,,,,,,0
AMR0400,7.546242774566474,18.517341040462423,,0.0,0,0,,,,,,0
IKR0401,7.515679442508711,18.641114982578397,3.0273224043715845,2.1310861423220975,0,0,,,,,,0
JER0404,7.563583815028902,18.653179190751445,,0.0,0,0,,,,,,0
KKC0683,8.540462427745664,18.583815028901736,,0.0,0,0,,,,,,0
NGO0690,10.533762057877814,15.5,,0.0,0,0,,,,,,0
JIG0128,8.0,19.0,,0.0,0,0,,,,,,0
ANM0123,10.4,15.44,3.9166666666666665,1.5263157894736843,0,0,,,,,,0
EIP0997,8.0,19.0,,0.0,0,0,,,,,,0
JJB0127,8.0,19.0,,0.0,0,0,,,,,,0
TTD1000,8.0,19.0,,0.0,0,0,,,,,,0
FDE0117,8.0,19.0,,0.0,0,0,,,,,,0
TDJ0998,9.913183279742766,15.440514469453376,,0.0,0,0,,,,,,0
SAA0999,9.93968253968254,15.396825396825395,24.473988439306357,8.647398843930636,0,0,,,,,,0
JKB0126,8.0,19.0,,0.0,0,0,,,,,,0
TJD0996,8.0,19.0,,0.0,0,0,,,,,,0
KAC0124,8.0,19.0,,0.0,0,0,,,,,,0
AES0827,8.0,19.0,,0.0,0,0,,,,,,0
CHM0821,11.088117489986647,15.567423230974631,5.457777777777777,1.5269709543568464,0,0,,,,,,0
IHK0841,8.0,19.0,,0.0,0,0,,,,,,0
ABM0845,10.074249605055291,15.418641390205371,,0.0,0,0,,,,,,0
AHD0848,10.325581395348838,15.44733242134063,3.262295081967213,1.327433628318584,0,0,,,,,,0
FRR0832,8.0,19.0,,0.0,0,0,,,,,,0
MSG0839,8.0,19.0,,0.0,0,0,,,,,,0
LJB0826,8.0,19.0,,0.0,0,0,,,,,,0
ELB0847,8.855643044619423,18.866141732283463,,0.0,0,0,,,,,,0
NHE0919,10.032679738562091,15.514705882352942,,0.0,0,0,,,,,,0
CIM0926,8.043478260869565,18.995652173913044,,0.0,0,0,,,,,,0
ALC0788,8.0,19.0,,0.0,0,0,,,,,,0
CRK0916,9.864433811802233,15.164274322169058,,0.0,0,0,,,,,,0
BMG0917,9.989028213166144,15.090909090909092,22.23121387283237,8.615606936416185,0,0,,,,,,0
ECR0822,8.0,19.0,,0.0,0,0,,,,,,0
HDH0928,8.0,19.0,5.204620462046204,2.1459627329192545,0,0,,,,,,0
ILC0838,8.0,19.0,,0.0,0,0,,,,,,0
AJC0840,8.0,19.0,,0.0,0,0,,,,,,0
EHB0824,8.189024390243903,18.548780487804876,14.0,3.25,0,0,,,,,,0
IJR0825,8.0,19.0,,0.0,0,0,,,,,,0
DCH0843,7.982993197278912,18.829931972789115,9.5,4.6,0,0,,,,,,0
JCR0921,8.0,19.0,,0.0,0,0,,,,,,0
TSM0927,8.0,19.0,,0.0,0,0,,,,,,0
HKF0831,8.0,19.0,,0.0,0,0,,,,,,0
FUM0015,8.0,19.0,,0.0,0,0,,,,,,0
AAN0823,8.0,19.0,,0.0,0,0,,,,,,0
LAM0911,10.033003300330034,15.584158415841584,,0.0,0,0,,,,,,0
MNR0829,8.0,19.0,,0.0,0,0,,,,,,0
FHS0837,8.0,19.0,,0.0,0,0,,,,,,0
KMB0922,10.256868131868131,14.55631868131868,5.571428571428571,1.5355648535564854,0,0,,,,,,0
AKC0924,8.0,19.0,,0.0,0,0,,,,,,0
CAN0842,8.0,19.0,,0.0,0,0,,,,,,0
TRK0914,8.0,19.0,,0.0,0,0,,,,,,0
IYB0918,8.0,19.0,,0.0,0,0,,,,,,0
JRF0835,8.0,19.0,,0.0,0,0,,,,,,0
ADD0846,8.0,19.0,,0.0,0,0,,,,,,0
IBS0836,10.052631578947368,15.077562326869806,3.391304347826087,1.4923076923076923,0,0,,,,,,0
WGR0833,8.0,19.0,,0.0,0,0,,,,,,0
ARB0834,8.0,19.0,,0.0,0,0,,,,,,0
ECF0828,8.0,19.0,,0.0,0,0,,,,,,0
XWD0923,9.988584474885844,15.577625570776256,25.0635593220339,2.2245762711864407,0,0,,,,,,0
LJT0817,10.112676056338028,15.97339593114241,6.2973856209150325,2.059748427672956,0,0,,,,,,0
BBH0810,8.0,20.0,,0.0,0,0,,,,,,0
KCB0815,10.0336,16.0,,0.0,0,0,,,,,,0
HSG0818,10.014539579967687,16.06138933764136,,0.0,0,0,,,,,,0
MBW0809,8.0,20.0,,0.0,0,0,,,,,,0
SOF0808,8.0,20.0,,0.0,0,0,,,,,,0
NKH0807,8.0,20.0,,0.0,0,0,,,,,,0
BJH0811,8.0,20.0,,0.0,0,0,,,,,,0
BWH0813,8.0,20.0,,0.0,0,0,,,,,,0
AQD0820,8.0,20.0,,0.0,0,0,,,,,,0
IWM0816,10.05144694533762,16.041800643086816,,0.0,0,0,,,,,,0
VFM0814,10.32563025210084,15.754201680672267,3.05,1.25,0,0,,,,,,0
LCC0819,8.0,20.0,3.474226804123711,2.348993288590604,0,0,,,,,,0
SGG0787,9.915282392026578,16.127906976744185,,0.0,0,0,,,,,,0
JMW0638,9.0,21.0,,0.0,0,0,,,,,,0
KNW0644,9.0,21.0,,0.0,0,0,,,,,,0
OSH0655,9.0,21.0,,0.0,0,0,,,,,,0
XRS0633,10.931372549019608,17.068627450980394,,0.0,0,0,,,,,,0
HRL0540,11.21772939346812,17.04665629860031,5.588050314465409,8.627906976744185,0,0,,,,,,0
AGB0643,9.0,21.0,,0.0,0,0,,,,,,0
DKB0631,9.0,21.0,,0.0,0,0,,,,,,0
KCO0122,10.559109874826149,15.502086230876216,5.240131578947368,2.169753086419753,0,0,,,,,,0
CQW0652,9.0,21.0,3.1926605504587156,2.2046204620462047,0,0,,,,,,0
GTD0116,9.0,21.0,,0.0,0,0,,,,,,0
HOB0994,9.0,21.0,,0.0,0,0,,,,,,0
LNR0656,9.0,21.0,,0.0,0,0,,,,,,0
YWW0660,9.0,21.0,,0.0,0,0,,,,,,0
KMS0657,9.0,21.0,,0.0,0,0,,,,,,0
LAF0991,10.866231647634583,17.01468189233279,,0.0,0,0,,,,,,0
AAM0658,8.83406113537118,20.62882096069869,10.333333333333334,1.4,0,0,,,,,,0
HCL0651,10.986024844720497,16.87888198757764,3.286363636363636,2.0559006211180124,0,0,,,,,,0
HRD0635,11.37264150943396,15.93867924528302,,0.0,0,0,,,,,,0
HTF0641,9.0,21.0,,0.0,0,0,,,,,,0
TUC0632,9.0,21.0,,0.0,0,0,,,,,,0
HAV0121,9.0,21.0,,0.0,0,0,,,,,,0
ESA0642,9.0,21.0,,0.0,0,0,,,,,,0
BAM0636,9.0,21.0,,0.0,0,0,,,,,,0
HWH0646,10.945945945945946,16.934817170111288,,0.0,0,0,,,,,,0
KLM0639,9.0,21.0,,0.0,0,0,,,,,,0
CGB0637,10.89016393442623,17.060655737704916,6.801749271137027,3.136231884057971,0,0,,,,,,0
UBF0645,9.0,21.0,,0.0,0,0,,,,,,0
ZSB0649,9.0,21.0,,0.0,0,0,,,,,,0
BCM0653,9.0,21.0,,0.0,0,0,,,,,,0
COF0120,8.590604026845638,19.110738255033556,,0.0,0,0,,,,,,0
EZT0640,11.784447476125512,16.95225102319236,,0.0,0,0,,,,,,0
GQF0659,9.0,21.0,,0.0,0,0,,,,,,0
RHL0992,11.009345794392525,16.993769470404985,3.1623931623931623,2.215568862275449,0,0,,,,,,0
TLH0648,9.0,21.0,,0.0,0,0,,,,,,0
AHG0634,10.931972789115646,16.6734693877551,,0.0,0,0,,,,,,0
DID0650,9.0,21.0,,0.0,0,0,,,,,,0
BRM0995,11.19626168224299,17.101246105919003,3.3333333333333335,8.592485549132949,0,0,,,,,,0
TLK0993,9.0,21.0,,0.0,0,0,,,,,,0
VLB0647,9.0,21.0,,0.0,0,0,,,,,,0
BAJ0654,9.987113402061857,20.70876288659794,25.16379310344828,1.206896551724138,0,0,,,,,,0
